--
-- Script was generated by Devart dbForge Studio for MySQL, Version 9.2.105.0
-- Product home page: http://www.devart.com/dbforge/mysql/studio
-- Script date 2025. 03. 28. 10:20:52
-- Server version: 8.4.0
-- Client version: 4.1
--

-- 
-- Disable foreign keys
-- 
/*!40014 SET @OLD_FOREIGN_KEY_CHECKS=@@FOREIGN_KEY_CHECKS, FOREIGN_KEY_CHECKS=0 */;

-- 
-- Set SQL mode
-- 
/*!40101 SET @OLD_SQL_MODE=@@SQL_MODE, SQL_MODE='NO_AUTO_VALUE_ON_ZERO' */;

-- 
-- Set character set the client will use to send SQL statements to the server
--
SET NAMES 'utf8mb4';

--
-- Set default database
--
USE webaruhaz;

--
-- Drop table `felhasznalo`
--
DROP TABLE IF EXISTS felhasznalo;

--
-- Drop table `fizetes_mod`
--
DROP TABLE IF EXISTS fizetes_mod;

--
-- Drop table `keszlet_valtozas`
--
DROP TABLE IF EXISTS keszlet_valtozas;

--
-- Drop table `rendeles_termek`
--
DROP TABLE IF EXISTS rendeles_termek;

--
-- Drop view `termekview`
--
DROP VIEW IF EXISTS termekview CASCADE;

--
-- Drop table `termek`
--
DROP TABLE IF EXISTS termek;

--
-- Drop table `meretek`
--
DROP TABLE IF EXISTS meretek;

--
-- Drop table `szinek`
--
DROP TABLE IF EXISTS szinek;

--
-- Drop table `markak`
--
DROP TABLE IF EXISTS markak;

--
-- Drop table `rendeles`
--
DROP TABLE IF EXISTS rendeles;

--
-- Drop table `szamla`
--
DROP TABLE IF EXISTS szamla;

--
-- Drop table `vasarlok`
--
DROP TABLE IF EXISTS vasarlok;

--
-- Drop table `lakcim`
--
DROP TABLE IF EXISTS lakcim;

--
-- Drop table `varosok`
--
DROP TABLE IF EXISTS varosok;

--
-- Set default database
--
USE webaruhaz;

--
-- Create table `varosok`
--
CREATE TABLE varosok (
  iranyitoszam INT NOT NULL,
  varos VARCHAR(255) DEFAULT NULL,
  PRIMARY KEY (iranyitoszam)
)
ENGINE = INNODB,
AVG_ROW_LENGTH = 546,
CHARACTER SET utf8mb4,
COLLATE utf8mb4_hungarian_ci,
ROW_FORMAT = DYNAMIC;

--
-- Create table `lakcim`
--
CREATE TABLE lakcim (
  id INT NOT NULL AUTO_INCREMENT,
  varos_id INT NOT NULL,
  utca VARCHAR(20) NOT NULL,
  hazszam VARCHAR(10) NOT NULL,
  PRIMARY KEY (id)
)
ENGINE = INNODB,
AUTO_INCREMENT = 6,
AVG_ROW_LENGTH = 3276,
CHARACTER SET utf8mb4,
COLLATE utf8mb4_hungarian_ci,
ROW_FORMAT = DYNAMIC;

--
-- Create foreign key
--
ALTER TABLE lakcim 
  ADD CONSTRAINT FK_lakcim_varos_id FOREIGN KEY (varos_id)
    REFERENCES varosok(iranyitoszam);

--
-- Create table `vasarlok`
--
CREATE TABLE vasarlok (
  id INT NOT NULL AUTO_INCREMENT,
  keresztnev VARCHAR(30) DEFAULT NULL,
  csaladnev VARCHAR(30) DEFAULT NULL,
  email VARCHAR(50) DEFAULT NULL,
  telefonszam VARCHAR(50) DEFAULT NULL,
  lakcim_id INT DEFAULT NULL,
  jelszo VARCHAR(64) DEFAULT NULL,
  PRIMARY KEY (id)
)
ENGINE = INNODB,
AUTO_INCREMENT = 38,
AVG_ROW_LENGTH = 1638,
CHARACTER SET utf8mb4,
COLLATE utf8mb4_hungarian_ci,
ROW_FORMAT = DYNAMIC;

--
-- Create index `email` on table `vasarlok`
--
ALTER TABLE vasarlok 
  ADD UNIQUE INDEX email(email);

--
-- Create foreign key
--
ALTER TABLE vasarlok 
  ADD CONSTRAINT FK_vasarlok_lakcim_id FOREIGN KEY (lakcim_id)
    REFERENCES lakcim(id);

--
-- Create table `szamla`
--
CREATE TABLE szamla (
  id INT NOT NULL AUTO_INCREMENT,
  netto_osszeg FLOAT NOT NULL,
  afa FLOAT NOT NULL,
  date DATETIME NOT NULL,
  szamla_sorszam VARCHAR(20) NOT NULL,
  fizetes_mod_id VARCHAR(20) NOT NULL,
  PRIMARY KEY (id)
)
ENGINE = INNODB,
AUTO_INCREMENT = 118,
AVG_ROW_LENGTH = 3276,
CHARACTER SET utf8mb4,
COLLATE utf8mb4_hungarian_ci,
ROW_FORMAT = DYNAMIC;

--
-- Create table `rendeles`
--
CREATE TABLE rendeles (
  id INT NOT NULL AUTO_INCREMENT,
  date DATE NOT NULL DEFAULT (curdate()),
  szamla_id INT NOT NULL,
  keresztnev VARCHAR(20) NOT NULL,
  csaladnev VARCHAR(30) NOT NULL,
  email VARCHAR(50) NOT NULL,
  PRIMARY KEY (id)
)
ENGINE = INNODB,
AUTO_INCREMENT = 105,
AVG_ROW_LENGTH = 3276,
CHARACTER SET utf8mb4,
COLLATE utf8mb4_hungarian_ci,
ROW_FORMAT = DYNAMIC;

--
-- Create foreign key
--
ALTER TABLE rendeles 
  ADD CONSTRAINT FK_rendeles_szamla_id FOREIGN KEY (szamla_id)
    REFERENCES szamla(id);

--
-- Create table `markak`
--
CREATE TABLE markak (
  id INT NOT NULL AUTO_INCREMENT,
  nev VARCHAR(20) NOT NULL,
  PRIMARY KEY (id)
)
ENGINE = INNODB,
AUTO_INCREMENT = 11,
AVG_ROW_LENGTH = 1820,
CHARACTER SET utf8mb4,
COLLATE utf8mb4_hungarian_ci,
ROW_FORMAT = DYNAMIC;

--
-- Create index `nev` on table `markak`
--
ALTER TABLE markak 
  ADD UNIQUE INDEX nev(nev);

--
-- Create table `szinek`
--
CREATE TABLE szinek (
  id INT NOT NULL AUTO_INCREMENT,
  szin VARCHAR(20) DEFAULT NULL,
  PRIMARY KEY (id)
)
ENGINE = INNODB,
AUTO_INCREMENT = 11,
AVG_ROW_LENGTH = 1638,
CHARACTER SET utf8mb4,
COLLATE utf8mb4_hungarian_ci,
ROW_FORMAT = DYNAMIC;

--
-- Create index `szin` on table `szinek`
--
ALTER TABLE szinek 
  ADD UNIQUE INDEX szin(szin);

--
-- Create table `meretek`
--
CREATE TABLE meretek (
  id INT NOT NULL AUTO_INCREMENT,
  meret VARCHAR(10) NOT NULL,
  PRIMARY KEY (id)
)
ENGINE = INNODB,
AUTO_INCREMENT = 7,
AVG_ROW_LENGTH = 2730,
CHARACTER SET utf8mb4,
COLLATE utf8mb4_hungarian_ci,
ROW_FORMAT = DYNAMIC;

--
-- Create index `meret` on table `meretek`
--
ALTER TABLE meretek 
  ADD UNIQUE INDEX meret(meret);

--
-- Create table `termek`
--
CREATE TABLE termek (
  id INT NOT NULL AUTO_INCREMENT,
  ar VARCHAR(50) DEFAULT NULL,
  szin_id INT DEFAULT NULL,
  meret_id INT DEFAULT NULL,
  marka_id INT DEFAULT NULL,
  keszlet INT DEFAULT NULL,
  kep VARCHAR(30) GENERATED ALWAYS AS (concat(`marka_id`,_utf8mb3'.',`szin_id`,_utf8mb3'.',`meret_id`)) STORED,
  PRIMARY KEY (id)
)
ENGINE = INNODB,
AUTO_INCREMENT = 2559,
AVG_ROW_LENGTH = 170,
CHARACTER SET utf8mb4,
COLLATE utf8mb4_hungarian_ci,
ROW_FORMAT = DYNAMIC;

--
-- Create foreign key
--
ALTER TABLE termek 
  ADD CONSTRAINT FK_termek_marka_id FOREIGN KEY (marka_id)
    REFERENCES markak(id);

--
-- Create foreign key
--
ALTER TABLE termek 
  ADD CONSTRAINT FK_termek_meret_id FOREIGN KEY (meret_id)
    REFERENCES meretek(id);

--
-- Create foreign key
--
ALTER TABLE termek 
  ADD CONSTRAINT FK_termek_szin_id FOREIGN KEY (szin_id)
    REFERENCES szinek(id);

--
-- Create view `termekview`
--
CREATE 
	DEFINER = 'root'@'localhost'
VIEW termekview
AS
SELECT
  `t`.`id` AS `TermekID`,
  `t`.`ar` AS `TermekAr`,
  `m`.`meret` AS `Meret`,
  `s`.`szin` AS `Szín`,
  `mk`.`nev` AS `Marka`,
  `t`.`keszlet` AS `Készlet`,
  `t`.`kep` AS `Kep`
FROM (((`termek` `t`
  JOIN `meretek` `m`
    ON ((`t`.`meret_id` = `m`.`id`)))
  JOIN `szinek` `s`
    ON ((`t`.`szin_id` = `s`.`id`)))
  JOIN `markak` `mk`
    ON ((`t`.`marka_id` = `mk`.`id`)));

--
-- Create table `rendeles_termek`
--
CREATE TABLE rendeles_termek (
  id INT NOT NULL AUTO_INCREMENT,
  rendeles_id INT DEFAULT NULL,
  termek_id INT DEFAULT NULL,
  mennyiseg INT DEFAULT NULL,
  PRIMARY KEY (id)
)
ENGINE = INNODB,
AUTO_INCREMENT = 94,
AVG_ROW_LENGTH = 3276,
CHARACTER SET utf8mb4,
COLLATE utf8mb4_hungarian_ci,
ROW_FORMAT = DYNAMIC;

--
-- Create foreign key
--
ALTER TABLE rendeles_termek 
  ADD CONSTRAINT FK_rendeles_termek_rendeles_id FOREIGN KEY (rendeles_id)
    REFERENCES rendeles(id);

--
-- Create foreign key
--
ALTER TABLE rendeles_termek 
  ADD CONSTRAINT FK_rendeles_termek_termek_id FOREIGN KEY (termek_id)
    REFERENCES termek(id);

--
-- Create table `keszlet_valtozas`
--
CREATE TABLE keszlet_valtozas (
  id INT NOT NULL AUTO_INCREMENT,
  valtozas_tipusa VARCHAR(60) DEFAULT NULL,
  termek_id INT DEFAULT NULL,
  mennyiseg INT DEFAULT NULL,
  date DATETIME DEFAULT NULL,
  PRIMARY KEY (id)
)
ENGINE = INNODB,
AUTO_INCREMENT = 8,
AVG_ROW_LENGTH = 3276,
CHARACTER SET utf8mb4,
COLLATE utf8mb4_hungarian_ci,
ROW_FORMAT = DYNAMIC;

--
-- Create foreign key
--
ALTER TABLE keszlet_valtozas 
  ADD CONSTRAINT FK_keszlet_valtozas_termek_id FOREIGN KEY (termek_id)
    REFERENCES termek(id);

--
-- Create table `fizetes_mod`
--
CREATE TABLE fizetes_mod (
  id INT NOT NULL AUTO_INCREMENT,
  nev VARCHAR(20) DEFAULT NULL,
  PRIMARY KEY (id)
)
ENGINE = INNODB,
AUTO_INCREMENT = 8,
AVG_ROW_LENGTH = 2340,
CHARACTER SET utf8mb4,
COLLATE utf8mb4_hungarian_ci,
ROW_FORMAT = DYNAMIC;

--
-- Create table `felhasznalo`
--
CREATE TABLE felhasznalo (
  id INT NOT NULL AUTO_INCREMENT,
  jogosultsag ENUM('admin','titkárnő') DEFAULT 'admin',
  jelszo VARCHAR(255) DEFAULT NULL,
  email VARCHAR(40) NOT NULL,
  teljes_nev VARCHAR(20) DEFAULT NULL,
  PRIMARY KEY (id)
)
ENGINE = INNODB,
AUTO_INCREMENT = 22,
AVG_ROW_LENGTH = 8192,
CHARACTER SET utf8mb4,
COLLATE utf8mb4_hungarian_ci,
ROW_FORMAT = DYNAMIC;

--
-- Create index `email` on table `felhasznalo`
--
ALTER TABLE felhasznalo 
  ADD UNIQUE INDEX email(email);

--
-- Create index `email_2` on table `felhasznalo`
--
ALTER TABLE felhasznalo 
  ADD UNIQUE INDEX email_2(email);

-- 
-- Dumping data for table varosok
--
INSERT INTO varosok VALUES
(1011, 'Budapest'),
(2030, 'Érd'),
(2120, 'Dunakeszi'),
(2310, 'Szigetszentmiklós'),
(2400, 'Dunaújváros'),
(2500, 'Esztergom'),
(2600, 'Vác'),
(2700, 'Cegléd'),
(2800, 'Tatabánya'),
(3100, 'Salgótarján'),
(3200, 'Gyöngyös'),
(3300, 'Eger'),
(3525, 'Miskolc'),
(3600, 'Ózd'),
(4024, 'Debrecen'),
(4400, 'Nyíregyháza'),
(5600, 'Békéscsaba'),
(6000, 'Kecskemét'),
(6500, 'Baja'),
(6720, 'Szeged'),
(6800, 'Hódmezővásárhely'),
(7100, 'Szekszárd'),
(7621, 'Pécs'),
(8000, 'Székesfehérvár'),
(8200, 'Veszprém'),
(8800, 'Nagykanizsa'),
(8900, 'Zalaegerszeg'),
(9021, 'Győr'),
(9400, 'Sopron'),
(9700, 'Szombathely');

-- 
-- Dumping data for table szamla
--
INSERT INTO szamla VALUES
(1, 16388, 4424.76, '2025-01-25 00:00:00', 'SZ-224841', '1'),
(2, 36263, 9791.01, '2024-07-01 00:00:00', 'SZ-805297', '2'),
(3, 37152, 10031, '2024-04-10 00:00:00', 'SZ-353080', '3'),
(4, 26970, 7281.9, '2024-08-09 00:00:00', 'SZ-503428', '1'),
(5, 18394, 4966.38, '2024-04-23 00:00:00', 'SZ-741139', '3'),
(55, 16854, 4550.58, '2025-03-19 13:11:11', 'SZ656938', 'Átutalás'),
(56, 26278, 7095.06, '2025-03-19 13:15:24', 'SZ725945', 'Átutalás'),
(57, 33798, 9125.46, '2025-03-19 13:51:12', 'SZ-159053', 'Átutalás'),
(58, 34337, 9270.99, '2025-03-19 13:52:34', 'SZ-702663', 'PayPal'),
(59, 34337, 9270.99, '2025-03-19 13:52:51', 'SZ-984635', 'PayPal'),
(60, 16364, 4418.28, '2025-03-19 13:54:16', 'SZ-691946', 'Átutalás'),
(61, 16364, 4418.28, '2025-03-19 13:54:42', 'SZ-302796', 'Átutalás'),
(62, 16364, 4418.28, '2025-03-19 13:55:21', 'SZ-644266', 'Átutalás'),
(63, 16364, 4418.28, '2025-03-19 14:04:50', 'SZ-694935', 'Átutalás'),
(64, 16364, 4418.28, '2025-03-19 14:04:57', 'SZ-669132', 'Átutalás'),
(65, 39417, 10642.6, '2025-03-19 14:07:13', 'SZ-771106', 'Átutalás'),
(66, 26278, 7095.06, '2025-03-19 14:09:52', 'SZ-878553', 'Átutalás'),
(67, 54583, 14737.4, '2025-03-19 14:11:17', 'SZ-415404', 'Átutalás'),
(68, 60076, 16220.5, '2025-03-20 10:56:29', 'SZ-4065', 'Átutalás'),
(69, 60076, 16220.5, '2025-03-20 10:58:12', 'SZ-646165', 'Átutalás'),
(70, 60076, 16220.5, '2025-03-20 10:59:22', 'SZ-636683', 'Átutalás'),
(71, 60076, 16220.5, '2025-03-20 11:01:00', 'SZ-119152', 'Átutalás'),
(72, 60076, 16220.5, '2025-03-20 11:01:56', 'SZ-723954', 'Átutalás'),
(73, 60076, 16220.5, '2025-03-20 11:03:14', 'SZ-70733', 'Átutalás'),
(74, 60076, 16220.5, '2025-03-20 11:09:58', 'SZ-208975', 'Készpénz'),
(75, 60076, 16220.5, '2025-03-20 11:13:12', 'SZ-62465', 'Készpénz'),
(76, 60076, 16220.5, '2025-03-20 11:13:13', 'SZ-960212', 'Készpénz'),
(77, 60076, 16220.5, '2025-03-20 11:13:36', 'SZ-102280', 'Készpénz'),
(78, 60076, 16220.5, '2025-03-20 11:19:55', 'SZ-819389', 'Készpénz'),
(79, 60076, 16220.5, '2025-03-20 11:40:18', 'SZ-928990', 'Készpénz'),
(80, 46826, 12643, '2025-03-20 12:13:10', 'SZ-850906', 'PayPal'),
(81, 32020, 8645.4, '2025-03-20 12:14:40', 'SZ-838356', 'PayPal'),
(82, 32020, 8645.4, '2025-03-20 12:23:02', 'SZ-434019', 'Apple Pay'),
(83, 41444, 11189.9, '2025-03-20 12:24:41', 'SZ-34922', 'Készpénz'),
(84, 41444, 11189.9, '2025-03-20 12:29:48', 'SZ-590870', 'Átutalás'),
(85, 41444, 11189.9, '2025-03-20 12:32:40', 'SZ-427273', 'Készpénz'),
(86, 17973, 4852.71, '2025-03-20 12:35:33', 'SZ-274237', 'Bankkártya'),
(87, 41444, 11189.9, '2025-03-21 08:11:02', 'SZ-799672', 'Átutalás'),
(88, 16494, 4453.38, '2025-03-21 08:14:23', 'SZ-812420', 'Átutalás'),
(89, 21062, 5686.74, '2025-03-21 08:17:34', 'SZ-697719', 'Készpénz'),
(90, 27044, 7301.88, '2025-03-21 08:20:37', 'SZ-715877', 'Apple Pay'),
(91, 61880, 16707.6, '2025-03-21 08:27:30', 'SZ-117357', 'Átutalás'),
(92, 35111, 9479.97, '2025-03-21 08:30:16', 'SZ-515010', 'Készpénz'),
(93, 25493, 6883.11, '2025-03-21 08:35:57', 'SZ-568749', 'Készpénz'),
(94, 17973, 4852.71, '2025-03-21 08:50:50', 'SZ-789307', 'PayPal'),
(95, 17973, 4852.71, '2025-03-21 08:54:15', 'SZ-439008', 'Apple Pay'),
(96, 40259, 10869.9, '2025-03-21 09:02:34', 'SZ-710712', 'Átutalás'),
(97, 17973, 4852.71, '2025-03-21 09:12:04', 'SZ-568519', 'Bankkártya'),
(98, 40259, 10869.9, '2025-03-21 09:15:37', 'SZ-339096', 'Átutalás'),
(99, 17973, 4852.71, '2025-03-21 09:34:14', 'SZ-567621', 'PayPal'),
(100, 45475, 12278.2, '2025-03-21 10:10:12', 'SZ-91367', 'Bankkártya'),
(101, 21062, 5686.74, '2025-03-21 10:13:31', 'SZ-620596', 'Átutalás'),
(102, 17973, 4852.71, '2025-03-21 10:15:03', 'SZ-509372', 'Átutalás'),
(103, 25281, 6825.87, '2025-03-21 10:22:12', 'SZ-338803', 'Átutalás'),
(104, 41444, 11189.9, '2025-03-21 10:27:39', 'SZ-618117', 'Átutalás'),
(105, 28220, 7619.4, '2025-03-25 11:00:20', 'SZ-150191', 'Készpénz'),
(106, 28220, 7619.4, '2025-03-25 11:00:48', 'SZ-209679', 'Készpénz'),
(107, 40848, 11029, '2025-03-25 11:16:31', 'SZ-957955', 'Bankkártya'),
(108, 40848, 11029, '2025-03-25 11:17:06', 'SZ-487463', 'Bankkártya'),
(109, 40848, 11029, '2025-03-25 11:17:09', 'SZ-197331', 'Bankkártya'),
(110, 31397, 8477.19, '2025-03-25 11:20:30', 'SZ-67890', 'Készpénz'),
(111, 31397, 8477.19, '2025-03-25 11:21:23', 'SZ-285177', 'Készpénz'),
(112, 31397, 8477.19, '2025-03-25 11:21:46', 'SZ-546614', 'Készpénz'),
(113, 19228, 5191.56, '2025-03-25 11:22:53', 'SZ-118467', 'Készpénz'),
(114, 27727, 7486.29, '2025-03-26 09:36:01', 'SZ-866741', 'Készpénz'),
(115, 27727, 7486.29, '2025-03-26 09:36:05', 'SZ-320861', 'Készpénz'),
(116, 27727, 7486.29, '2025-03-28 08:30:45', 'SZ-692446', 'PayPal'),
(117, 27727, 7486.29, '2025-03-28 08:32:59', 'SZ-242612', 'Átutalás');

-- 
-- Dumping data for table szinek
--
INSERT INTO szinek VALUES
(9, 'Barna'),
(8, 'Bézs'),
(6, 'Fehér'),
(5, 'Fekete'),
(2, 'Kék'),
(7, 'Lila'),
(1, 'Piros'),
(4, 'Sárga'),
(10, 'Szürke'),
(3, 'Zöld');

-- 
-- Dumping data for table meretek
--
INSERT INTO meretek VALUES
(4, 'L'),
(3, 'M'),
(2, 'S'),
(5, 'XL'),
(1, 'XS'),
(6, 'XXL');

-- 
-- Dumping data for table markak
--
INSERT INTO markak VALUES
(1, 'Adidas'),
(6, 'Emporio Armani'),
(5, 'Gucci'),
(3, 'Levis'),
(2, 'Nike'),
(10, 'Puma'),
(7, 'Reebok'),
(4, 'Under Armour'),
(8, 'Versace'),
(9, 'Zara');

-- 
-- Dumping data for table lakcim
--
INSERT INTO lakcim VALUES
(1, 1011, 'Fő utca', '12/A'),
(2, 4024, 'Kossuth tér', '5'),
(3, 7621, 'Rákóczi út', '43'),
(4, 9021, 'Baross Gábor út', '8'),
(5, 6000, 'Petőfi Sándor utca', '22');

-- 
-- Dumping data for table rendeles
--
INSERT INTO rendeles VALUES
(1, '2024-02-16', 3, 'Zoltán', 'Kiss', 'zolivagyok@gmail.com'),
(2, '2024-06-18', 5, 'István', 'Faragó', 'krisztian@gmail.com'),
(3, '2024-10-18', 4, 'Szabolcs', 'Nagy', 'asd@gmail.com'),
(4, '2024-07-30', 1, 'Gergő', 'Kovács', 'xy@gmail.com'),
(5, '2024-11-10', 1, 'Gergely', 'Berényi', 'geri@gmail.com'),
(6, '2025-03-10', 2, 'Zoltan', 'Komuves', 'komuves@gmail.com'),
(43, '2025-03-19', 56, 'Zoltan', 'Zsombor', 'zoli@gmail.hu'),
(44, '2025-03-19', 57, 'Zoltan', 'Lajos', 'zoli@gmail.hu'),
(45, '2025-03-19', 58, 'Zoltan', 'Lajos', 'zoli@gmail.hu'),
(46, '2025-03-19', 59, 'Zoltan', 'Lajos', 'zoli@gmail.hu'),
(47, '2025-03-19', 60, 'Zoltan', 'Zsombor', 'zoli@gmail.hu'),
(48, '2025-03-19', 61, 'Zoltan', 'Zsombor', 'zoli@gmail.hu'),
(49, '2025-03-19', 62, 'Zoltan', 'Zsombor', 'zoli@gmail.hu'),
(50, '2025-03-19', 63, 'Zoltan', 'Zsombor', 'zoli@gmail.hu'),
(51, '2025-03-19', 64, 'Zoltan', 'Zsombor', 'zoli@gmail.hu'),
(52, '2025-03-19', 65, 'Molnar', 'Szilágyi', 'zoli@gmail.hu'),
(53, '2025-03-19', 66, 'Molnar', 'Lajos', 'zoli@gmail.hu'),
(54, '2025-03-19', 67, 'István', 'Zsombor', 'zoli@gmail.hu'),
(55, '2025-03-20', 68, 'Zoltan', 'Lajos', 'zoli@gmail.hu'),
(56, '2025-03-20', 69, 'Zoltan', 'Lajos', 'zoli@gmail.hu'),
(57, '2025-03-20', 70, 'Zoltan', 'Lajos', 'zoli@gmail.hu'),
(58, '2025-03-20', 71, 'Zoltan', 'Lajos', 'zoli@gmail.hu'),
(59, '2025-03-20', 72, 'Zoltan', 'Lajos', 'zoli@gmail.hu'),
(60, '2025-03-20', 73, 'Zoltan', 'Lajos', 'zoli@gmail.hu'),
(61, '2025-03-20', 74, 'Molnar', 'Zsombor', 'zoli@gmail.hu'),
(62, '2025-03-20', 75, 'Molnar', 'Zsombor', 'zoli@gmail.hu'),
(63, '2025-03-20', 76, 'Molnar', 'Zsombor', 'zoli@gmail.hu'),
(64, '2025-03-20', 77, 'Molnar', 'Zsombor', 'zoli@gmail.hu'),
(65, '2025-03-20', 78, 'Molnar', 'Zsombor', 'zoli@gmail.hu'),
(66, '2025-03-20', 79, 'Zoltan', 'Szilágyi', 'zoli@gmail.hu'),
(67, '2025-03-20', 80, 'Zoltan', 'Szilágyi', 'zoli@gmail.hu'),
(68, '2025-03-20', 81, 'Molnar', 'Szilágyi', 'zoli@gmail.hu'),
(69, '2025-03-20', 82, 'Molnar', 'Lajos', 'zoli@gmail.hu'),
(70, '2025-03-20', 83, 'Zoltán', 'Szilágyi', 'zoli@gmail.hu'),
(71, '2025-03-20', 84, 'Molnar', 'Szilágyi', 'zoli@gmail.hu'),
(72, '2025-03-20', 85, 'Molnar', 'Lajos', 'zoli@gmail.hu'),
(73, '2025-03-20', 86, 'Zoltan', 'Zsombor', 'zoli@gmail.hu'),
(74, '2025-03-21', 87, 'Molnar', 'Szilágyi', 'zoli@gmail.hu'),
(75, '2025-03-21', 88, 'Zoltan', 'Lajos', 'zoli@gmail.hu'),
(76, '2025-03-21', 89, 'István', 'Szilágyi', 'zoli@gmail.hu'),
(77, '2025-03-21', 90, 'István', 'Zsombor', 'zoli@gmail.hu'),
(78, '2025-03-21', 91, 'Zoltan', 'Zsombor', 'zoli@gmail.hu'),
(79, '2025-03-21', 92, 'Molnar', 'Lajos', 'zoli@gmail.hu'),
(80, '2025-03-21', 93, 'Zoltán', 'Kőműves ', 'managementzolikomuves@gmail.com'),
(81, '2025-03-21', 94, 'Krisztian', 'Sipos', 'sipos@gmail.com'),
(82, '2025-03-21', 95, 'Zoltan', 'Lajos', 'sipos@gmail.com'),
(83, '2025-03-21', 96, 'Molnar', 'Zsombor', 'mlnr.zsomb@gmail.com'),
(84, '2025-03-21', 97, 'Molnar', 'Szilágyi', 'mlnr.zsomb@gmail.com'),
(85, '2025-03-21', 98, 'Zoltán', 'Kőműves', 'managementzolikomuves@gmail.com'),
(86, '2025-03-21', 99, 'Molnar', 'Szilágyi', 'managementzolikomuves@gmail.com'),
(87, '2025-03-21', 100, 'Molnar', 'Zsombor', 'managementzolikomuves@gmail.com'),
(88, '2025-03-21', 101, 'Zoltan', 'Lajos', 'managementzolikomuves@gmail.com'),
(89, '2025-03-21', 102, 'Zoltan', 'Lajos', 'managementzolikomuves@gmail.com'),
(90, '2025-03-21', 103, 'István', 'Szilágyi', 'managementzolikomuves@gmail.com'),
(91, '2025-03-21', 104, 'Zoltan', 'Lajos', 'managementzolikomuves@gmail.com'),
(92, '2025-03-25', 105, 'Zoltan', 'Lajos', 'mlnr.zsomb@gmail.com'),
(93, '2025-03-25', 106, 'Zoltan', 'Lajos', 'mlnr.zsomb@gmail.com'),
(94, '2025-03-25', 107, 'Krisztian', 'Zsombor', 'mlnr.zsomb@gmail.com'),
(95, '2025-03-25', 108, 'Krisztian', 'Zsombor', 'mlnr.zsomb@gmail.com'),
(96, '2025-03-25', 109, 'Krisztian', 'Zsombor', 'mlnr.zsomb@gmail.com'),
(97, '2025-03-25', 110, 'Zoltan', 'Zsombor', 'mlnr.zsomb@gmail.com'),
(98, '2025-03-25', 111, 'Zoltan', 'Zsombor', 'mlnr.zsomb@gmail.com'),
(99, '2025-03-25', 112, 'Zoltan', 'Zsombor', 'mlnr.zsomb@gmail.com'),
(100, '2025-03-25', 113, 'Zoltan', 'Lajos', 'mlnr.zsomb@gmail.com'),
(101, '2025-03-26', 114, 'Zoltan', 'Lajos', 'zoli@gmail.hu'),
(102, '2025-03-26', 115, 'Zoltan', 'Lajos', 'zoli@gmail.hu'),
(103, '2025-03-28', 116, 'Zoltan', 'Kőműves', 'managementzolikomuves@gmail.com'),
(104, '2025-03-28', 117, 'Zoltan', 'Lajos', 'managementzolikomuves@gmail.com');

-- 
-- Dumping data for table termek
--
INSERT INTO termek(id, ar, szin_id, meret_id, marka_id, keszlet) VALUES
(1, '10828', 9, 3, 7, 18),
(2, '16899', 3, 1, 4, 77),
(3, '16109', 3, 6, 2, 1),
(4, '14083', 7, 5, 5, 63),
(5, '13139', 5, 1, 6, 79),
(6, '10101', 9, 4, 1, 66),
(7, '8992', 9, 4, 3, 2),
(8, '8427', 5, 1, 1, 74),
(9, '15823', 2, 6, 8, 61),
(10, '13486', 7, 5, 2, 29),
(11, '19809', 1, 2, 4, 7),
(12, '9063', 6, 3, 3, 9),
(13, '16371', 4, 3, 9, 74),
(14, '17031', 7, 6, 5, 69),
(15, '7732', 3, 6, 8, 65),
(16, '15166', 2, 1, 8, 9),
(17, '17804', 9, 6, 1, 25),
(18, '10236', 5, 4, 7, 68),
(19, '10500', 4, 5, 6, 90),
(20, '15594', 7, 2, 9, 31),
(21, '15774', 5, 1, 4, 40),
(22, '19344', 6, 5, 4, 79),
(23, '15091', 8, 6, 9, 46),
(24, '10728', 1, 3, 2, 24),
(25, '17779', 5, 4, 8, 15),
(26, '11840', 5, 6, 3, 72),
(27, '16364', 5, 1, 4, 44),
(28, '8067', 1, 1, 4, 67),
(29, '8400', 6, 3, 2, 90),
(30, '18808', 9, 3, 9, 7),
(31, '15257', 10, 6, 7, 65),
(32, '9906', 2, 1, 2, 61),
(33, '12581', 4, 2, 6, 17),
(34, '19994', 5, 3, 4, 83),
(35, '19848', 5, 3, 4, 81),
(36, '19153', 3, 3, 3, 12),
(37, '17682', 8, 2, 1, 38),
(38, '17906', 1, 5, 3, 56),
(39, '17678', 5, 5, 1, 39),
(40, '16351', 5, 6, 4, 10),
(41, '12167', 7, 2, 8, 59),
(42, '13602', 8, 2, 2, 78),
(43, '13661', 3, 4, 4, 12),
(44, '12827', 9, 6, 2, 4),
(45, '15814', 3, 2, 5, 97),
(46, '9105', 10, 1, 7, 48),
(47, '8579', 2, 3, 9, 36),
(48, '18602', 4, 2, 9, 16),
(49, '19197', 2, 1, 1, 7),
(50, '7878', 2, 3, 8, 84),
(51, '15928', 10, 4, 9, 9),
(52, '15263', 9, 4, 3, 48),
(53, '15689', 9, 3, 5, 42),
(54, '12777', 10, 3, 6, 35),
(55, '7847', 3, 1, 9, 17),
(56, '8510', 1, 6, 4, 12),
(57, '13515', 2, 2, 7, 84),
(58, '7838', 9, 6, 9, 26),
(59, '11919', 1, 2, 3, 70),
(60, '13215', 4, 1, 6, 59),
(61, '9977', 4, 1, 6, 72),
(62, '16134', 4, 4, 3, 29),
(63, '16136', 7, 1, 3, 35),
(64, '18258', 3, 6, 3, 13),
(65, '15813', 10, 6, 6, 27),
(66, '13929', 9, 5, 9, 67),
(67, '12785', 3, 6, 5, 87),
(68, '19023', 1, 2, 4, 26),
(69, '7091', 3, 2, 6, 30),
(70, '15169', 3, 2, 6, 43),
(71, '9567', 8, 6, 6, 8),
(72, '15560', 1, 2, 3, 65),
(73, '11222', 7, 3, 1, 4),
(74, '7505', 1, 2, 8, 35),
(75, '12090', 10, 3, 1, 26),
(76, '8401', 8, 3, 9, 57),
(77, '18701', 8, 2, 8, 63),
(78, '13461', 7, 4, 1, 51),
(79, '12050', 5, 6, 5, 55),
(80, '11090', 10, 4, 5, 65),
(81, '15480', 4, 5, 5, 22),
(82, '16498', 10, 5, 8, 95),
(83, '9457', 2, 6, 5, 56),
(84, '11270', 10, 6, 3, 10),
(85, '14152', 5, 3, 2, 46),
(86, '16600', 4, 2, 7, 54),
(87, '14646', 4, 6, 3, 79),
(88, '8831', 4, 2, 4, 23),
(89, '18687', 8, 2, 1, 65),
(90, '18572', 6, 6, 1, 55),
(91, '14131', 1, 6, 9, 11),
(92, '17268', 7, 4, 4, 98),
(93, '16492', 8, 3, 3, 77),
(94, '7985', 1, 2, 8, 34),
(95, '11423', 7, 2, 5, 59),
(96, '13182', 6, 4, 1, 36),
(97, '17352', 9, 1, 6, 75),
(98, '7040', 8, 6, 9, 19),
(99, '8611', 1, 5, 8, 93),
(100, '7740', 6, 3, 2, 89),
(101, '18880', 9, 5, 1, 84),
(102, '9192', 4, 1, 5, 23),
(103, '15482', 6, 6, 7, 92),
(104, '12445', 4, 4, 6, 65),
(105, '10348', 4, 6, 8, 12),
(106, '9603', 7, 4, 8, 45),
(107, '17660', 8, 2, 1, 40),
(108, '18696', 4, 5, 2, 49),
(109, '18435', 10, 1, 2, 10),
(110, '18227', 1, 3, 1, 5),
(111, '8178', 3, 2, 2, 5),
(112, '18162', 2, 1, 2, 60),
(113, '12611', 4, 3, 3, 76),
(114, '8324', 3, 6, 8, 59),
(115, '11383', 10, 4, 1, 77),
(116, '14342', 6, 6, 8, 53),
(117, '9292', 3, 6, 5, 88),
(118, '18563', 9, 3, 7, 49),
(119, '9009', 4, 1, 3, 33),
(120, '17363', 10, 4, 7, 10),
(121, '10768', 2, 5, 6, 53),
(122, '18561', 9, 4, 6, 24),
(123, '11222', 9, 3, 6, 53),
(124, '19080', 1, 4, 3, 15),
(125, '16856', 4, 3, 2, 39),
(126, '14026', 6, 1, 6, 73),
(127, '19226', 6, 5, 4, 63),
(128, '19153', 8, 1, 4, 29),
(129, '12801', 4, 3, 8, 11),
(130, '7393', 9, 6, 3, 61),
(131, '9305', 1, 5, 8, 51),
(132, '9632', 5, 6, 7, 16),
(133, '15054', 6, 1, 8, 85),
(134, '15990', 10, 4, 8, 83),
(135, '13283', 10, 2, 4, 22),
(136, '19123', 1, 2, 2, 90),
(137, '8753', 10, 4, 7, 89),
(138, '11525', 1, 3, 5, 43),
(139, '15945', 2, 4, 7, 70),
(140, '11686', 7, 3, 9, 47),
(141, '14272', 4, 2, 8, 37),
(142, '13455', 4, 3, 9, 24),
(143, '13779', 9, 6, 7, 16),
(144, '13900', 2, 2, 5, 94),
(145, '9112', 1, 4, 7, 97),
(146, '15823', 5, 3, 5, 22),
(147, '15960', 8, 5, 7, 17),
(148, '16350', 1, 2, 7, 90),
(149, '12384', 4, 5, 4, 65),
(150, '9329', 10, 2, 3, 92),
(151, '15047', 4, 5, 1, 96),
(152, '13905', 8, 3, 4, 7),
(153, '7855', 2, 3, 5, 51),
(154, '19393', 3, 3, 2, 74),
(155, '8982', 6, 2, 8, 14),
(156, '10785', 1, 2, 5, 35),
(157, '12174', 10, 3, 4, 49),
(158, '12026', 5, 2, 5, 80),
(159, '14826', 7, 2, 5, 71),
(160, '7400', 1, 1, 2, 74),
(161, '9147', 7, 4, 7, 29),
(162, '9105', 10, 2, 1, 78),
(163, '16509', 4, 3, 9, 48),
(164, '15174', 8, 5, 3, 32),
(165, '17183', 10, 3, 2, 86),
(166, '14915', 5, 4, 5, 63),
(167, '16112', 7, 1, 3, 38),
(168, '7123', 10, 3, 8, 40),
(169, '15855', 2, 6, 1, 30),
(170, '13221', 5, 6, 5, 59),
(171, '12316', 3, 1, 8, 91),
(172, '19293', 1, 2, 9, 26),
(173, '12327', 3, 1, 4, 99),
(174, '15448', 4, 4, 1, 43),
(175, '7362', 9, 1, 2, 56),
(176, '9621', 4, 1, 2, 61),
(177, '15166', 4, 5, 6, 11),
(178, '14961', 8, 5, 4, 99),
(179, '15315', 3, 3, 9, 93),
(180, '15185', 4, 1, 8, 38),
(181, '10512', 3, 2, 5, 3),
(182, '13730', 5, 6, 1, 65),
(183, '7389', 2, 6, 8, 34),
(184, '11383', 7, 2, 4, 4),
(185, '8664', 5, 1, 1, 79),
(186, '18250', 10, 2, 5, 57),
(187, '12389', 4, 4, 5, 16),
(188, '9553', 5, 5, 6, 78),
(189, '19190', 4, 1, 9, 65),
(190, '12925', 4, 2, 4, 90),
(191, '13126', 7, 6, 6, 22),
(192, '10967', 9, 3, 6, 70),
(193, '15699', 3, 2, 5, 90),
(194, '18578', 8, 1, 3, 98),
(195, '8474', 7, 5, 3, 73),
(196, '18626', 3, 5, 2, 43),
(197, '15188', 9, 3, 4, 77),
(198, '16007', 2, 4, 8, 30),
(199, '19001', 8, 6, 1, 70),
(200, '11837', 8, 4, 1, 10),
(201, '13203', 1, 6, 5, 57),
(202, '12266', 4, 3, 1, 94),
(203, '14738', 2, 1, 8, 1),
(204, '14101', 7, 5, 7, 48),
(205, '8942', 4, 1, 5, 23),
(206, '15695', 7, 2, 3, 62),
(207, '10857', 7, 2, 2, 10),
(208, '8261', 2, 4, 4, 24),
(209, '7336', 4, 6, 3, 69),
(210, '15225', 1, 4, 6, 14),
(211, '7239', 7, 2, 1, 73),
(212, '12447', 10, 3, 9, 92),
(213, '14816', 3, 3, 6, 58),
(214, '8019', 7, 1, 5, 21),
(215, '14166', 2, 6, 4, 4),
(216, '8280', 4, 3, 3, 5),
(217, '11916', 8, 4, 5, 10),
(218, '18126', 10, 2, 5, 84),
(219, '14124', 3, 4, 9, 26),
(220, '11828', 1, 2, 3, 27),
(221, '15590', 5, 3, 8, 1),
(222, '12508', 1, 1, 2, 59),
(223, '13145', 6, 4, 8, 54),
(224, '10353', 7, 4, 7, 95),
(225, '14707', 2, 6, 8, 68),
(226, '18393', 4, 1, 4, 54),
(227, '15262', 6, 6, 8, 40),
(228, '14052', 6, 6, 1, 59),
(229, '16587', 10, 3, 2, 70),
(230, '19762', 9, 1, 1, 22),
(231, '17249', 3, 6, 2, 77),
(232, '11885', 6, 5, 3, 90),
(233, '15809', 8, 4, 5, 94),
(234, '9303', 1, 5, 9, 7),
(235, '15461', 1, 2, 8, 47),
(236, '19588', 5, 2, 7, 6),
(237, '8673', 5, 6, 9, 8),
(238, '15015', 9, 3, 3, 18),
(239, '9302', 4, 1, 6, 65),
(240, '12953', 4, 2, 4, 35),
(241, '12320', 1, 5, 9, 45),
(242, '11754', 5, 2, 7, 5),
(243, '7579', 1, 1, 4, 60),
(244, '17920', 5, 4, 4, 26),
(245, '9926', 4, 1, 1, 22),
(246, '19412', 2, 5, 1, 14),
(247, '15319', 8, 6, 1, 85),
(248, '19255', 2, 1, 8, 91),
(249, '7606', 6, 3, 7, 39),
(250, '16195', 4, 4, 1, 44),
(251, '7453', 9, 1, 1, 73),
(252, '14655', 8, 1, 2, 76),
(253, '8758', 5, 4, 9, 61),
(254, '11811', 1, 6, 8, 9),
(255, '7753', 1, 6, 5, 59),
(256, '14510', 2, 6, 9, 95),
(257, '7265', 3, 2, 7, 57),
(258, '17137', 2, 4, 2, 36),
(259, '9746', 10, 2, 2, 11),
(260, '8563', 3, 6, 9, 77),
(261, '8082', 2, 2, 3, 49),
(262, '14482', 5, 2, 2, 6),
(263, '17319', 8, 3, 1, 83),
(264, '19767', 5, 2, 8, 45),
(265, '17086', 6, 2, 9, 95),
(266, '17241', 2, 2, 6, 46),
(267, '13425', 1, 6, 5, 62),
(268, '15060', 3, 2, 9, 63),
(269, '12160', 1, 2, 9, 94),
(270, '18577', 7, 4, 8, 53),
(271, '8818', 2, 1, 2, 70),
(272, '18533', 4, 1, 2, 85),
(273, '15218', 7, 2, 4, 20),
(274, '18010', 7, 4, 8, 42),
(275, '16067', 3, 1, 5, 52),
(276, '7329', 6, 5, 8, 30),
(277, '17948', 4, 1, 2, 70),
(278, '7427', 1, 2, 3, 30),
(279, '17570', 2, 2, 1, 52),
(280, '11536', 2, 5, 6, 60),
(281, '8744', 9, 1, 4, 84),
(282, '8151', 10, 3, 1, 3),
(283, '8099', 4, 3, 1, 7),
(284, '9344', 7, 6, 3, 87),
(285, '12871', 7, 6, 7, 69),
(286, '11699', 8, 4, 7, 70),
(287, '12748', 2, 2, 8, 36),
(288, '11920', 9, 6, 2, 85),
(289, '18325', 9, 4, 2, 31),
(290, '19862', 1, 1, 7, 17),
(291, '15984', 10, 4, 9, 93),
(292, '18922', 9, 2, 9, 92),
(293, '16848', 1, 6, 3, 67),
(294, '14306', 9, 3, 5, 51),
(295, '18985', 1, 4, 1, 6),
(296, '10989', 4, 5, 9, 52),
(297, '15172', 6, 1, 6, 68),
(298, '15620', 3, 3, 2, 57),
(299, '11866', 2, 5, 3, 96),
(300, '7825', 5, 1, 7, 56),
(301, '15678', 7, 2, 2, 38),
(302, '10383', 2, 1, 6, 89),
(303, '15535', 7, 2, 2, 36),
(304, '9242', 8, 3, 7, 43),
(305, '19351', 5, 3, 6, 10),
(306, '14066', 4, 3, 6, 94),
(307, '18325', 6, 1, 9, 58),
(308, '18877', 9, 3, 6, 98),
(309, '18794', 7, 3, 9, 62),
(310, '10396', 5, 4, 3, 73),
(311, '18115', 1, 6, 1, 79),
(312, '15855', 1, 2, 1, 64),
(313, '19554', 10, 4, 5, 47),
(314, '19189', 3, 4, 7, 10),
(315, '11374', 4, 6, 4, 11),
(316, '13322', 1, 6, 5, 85),
(317, '14668', 5, 2, 3, 56),
(318, '19008', 10, 6, 5, 15),
(319, '8633', 2, 3, 6, 98),
(320, '19122', 8, 6, 1, 83),
(321, '18810', 1, 4, 6, 47),
(322, '12729', 9, 5, 2, 56),
(323, '11683', 2, 4, 6, 23),
(324, '11253', 10, 5, 8, 13),
(325, '7550', 9, 6, 4, 3),
(326, '19985', 9, 3, 7, 24),
(327, '7135', 4, 4, 7, 96),
(328, '15370', 4, 6, 3, 58),
(329, '9824', 4, 1, 1, 47),
(330, '7412', 8, 4, 9, 77),
(331, '7464', 9, 2, 7, 83),
(332, '19146', 3, 2, 4, 57),
(333, '13957', 10, 2, 2, 15),
(334, '11042', 1, 3, 3, 67),
(335, '15621', 3, 3, 6, 48),
(336, '14776', 6, 1, 4, 9),
(337, '9067', 6, 1, 1, 87),
(338, '9518', 4, 2, 3, 37),
(339, '8937', 7, 5, 6, 13),
(340, '16275', 2, 5, 9, 60),
(341, '9529', 2, 2, 1, 37),
(342, '15252', 1, 3, 1, 5),
(343, '7219', 10, 4, 9, 87),
(344, '15803', 8, 6, 9, 11),
(345, '16827', 5, 6, 4, 35),
(346, '12607', 1, 2, 7, 95),
(347, '14655', 2, 5, 7, 97),
(348, '17286', 1, 6, 6, 17),
(349, '7241', 6, 6, 5, 94),
(350, '9336', 1, 6, 5, 62),
(351, '14825', 2, 6, 3, 39),
(352, '10289', 1, 4, 9, 74),
(353, '19043', 5, 2, 1, 43),
(354, '7499', 10, 3, 3, 30),
(355, '14798', 1, 5, 2, 56),
(356, '12880', 6, 3, 7, 36),
(357, '13309', 4, 2, 4, 26),
(358, '7121', 3, 2, 7, 82),
(359, '17784', 8, 1, 9, 87),
(360, '12043', 4, 4, 6, 27),
(361, '16007', 7, 1, 5, 48),
(362, '16640', 3, 1, 9, 2),
(363, '13045', 3, 5, 4, 37),
(364, '16898', 7, 2, 8, 50),
(365, '8323', 10, 5, 4, 85),
(366, '8461', 1, 5, 8, 94),
(367, '8448', 8, 3, 7, 20),
(368, '7191', 5, 2, 9, 91),
(369, '16038', 8, 5, 5, 6),
(370, '18883', 4, 2, 8, 35),
(371, '12280', 10, 5, 4, 4),
(372, '7009', 9, 2, 1, 9),
(373, '12542', 9, 1, 4, 21),
(374, '16418', 10, 5, 9, 15),
(375, '7934', 10, 2, 9, 54),
(376, '19675', 3, 3, 2, 88),
(377, '16369', 10, 5, 8, 70),
(378, '8492', 5, 1, 1, 87),
(379, '9794', 5, 5, 5, 14),
(380, '9527', 6, 1, 2, 19),
(381, '14500', 4, 5, 9, 53),
(382, '16772', 2, 4, 2, 44),
(383, '14237', 5, 5, 1, 14),
(384, '14392', 5, 3, 8, 78),
(385, '12966', 10, 3, 5, 5),
(386, '17021', 7, 1, 6, 68),
(387, '13735', 6, 2, 7, 82),
(388, '18265', 9, 6, 5, 18),
(389, '10619', 9, 3, 6, 55),
(390, '7738', 7, 1, 1, 50),
(391, '9527', 5, 5, 5, 32),
(392, '19731', 10, 5, 9, 42),
(393, '11210', 4, 5, 7, 14),
(394, '15957', 1, 1, 2, 61),
(395, '15004', 3, 3, 1, 41),
(396, '16706', 6, 2, 8, 45),
(397, '16113', 2, 4, 7, 77),
(398, '15268', 9, 3, 7, 19),
(399, '17312', 4, 4, 8, 18),
(400, '14130', 2, 2, 8, 13),
(401, '10963', 2, 5, 2, 81),
(402, '12904', 9, 6, 1, 62),
(403, '17820', 4, 1, 4, 94),
(404, '12021', 2, 3, 8, 1),
(405, '12755', 2, 4, 4, 4),
(406, '9217', 8, 1, 9, 80),
(407, '7898', 10, 4, 1, 53),
(408, '13173', 8, 3, 2, 21),
(409, '15510', 7, 1, 8, 97),
(410, '9476', 1, 4, 2, 89),
(411, '18863', 9, 5, 1, 21),
(412, '16830', 2, 3, 1, 53),
(413, '15288', 7, 1, 7, 39),
(414, '16323', 5, 6, 4, 0),
(415, '19331', 8, 6, 1, 82),
(416, '17971', 8, 2, 3, 43),
(417, '11065', 3, 3, 5, 91),
(418, '8868', 1, 4, 1, 66),
(419, '19622', 9, 3, 7, 6),
(420, '9997', 10, 2, 9, 18),
(421, '8419', 10, 4, 1, 68),
(422, '7994', 4, 4, 5, 18),
(423, '10312', 8, 6, 4, 6),
(424, '9887', 10, 6, 1, 60),
(425, '15803', 6, 6, 7, 2),
(426, '18332', 3, 6, 4, 51),
(427, '10882', 10, 6, 6, 52),
(428, '15634', 8, 5, 7, 1),
(429, '7750', 3, 1, 3, 54),
(430, '16963', 3, 5, 3, 84),
(431, '13184', 9, 6, 2, 76),
(432, '12317', 8, 5, 1, 40),
(433, '16559', 5, 1, 3, 79),
(434, '10268', 9, 5, 7, 44),
(435, '8497', 3, 6, 2, 87),
(436, '17847', 6, 2, 9, 50),
(437, '17716', 7, 4, 4, 6),
(438, '8470', 4, 3, 3, 9),
(439, '13891', 4, 2, 5, 36),
(440, '12202', 10, 3, 3, 29),
(441, '13783', 8, 1, 5, 20),
(442, '12623', 6, 3, 5, 13),
(443, '9983', 8, 1, 9, 65),
(444, '12101', 1, 6, 4, 24),
(445, '8017', 7, 1, 4, 88),
(446, '8555', 10, 3, 3, 29),
(447, '13538', 7, 4, 4, 75),
(448, '16533', 5, 6, 3, 43),
(449, '13052', 1, 6, 1, 73),
(450, '13440', 3, 6, 1, 14),
(451, '15656', 10, 4, 8, 66),
(452, '16955', 9, 1, 5, 69),
(453, '16908', 8, 3, 2, 31),
(454, '8520', 7, 6, 3, 6),
(455, '11688', 7, 6, 9, 89),
(456, '14366', 2, 2, 6, 17),
(457, '9155', 4, 1, 2, 88),
(458, '17904', 6, 2, 6, 14),
(459, '7065', 6, 6, 7, 96),
(460, '14983', 2, 1, 9, 48),
(461, '14066', 3, 5, 6, 8),
(462, '13874', 5, 3, 8, 11),
(463, '19469', 5, 3, 5, 60),
(464, '11324', 9, 3, 4, 52),
(465, '14376', 3, 5, 7, 47),
(466, '9126', 5, 4, 8, 14),
(467, '11513', 3, 3, 3, 2),
(468, '11293', 6, 6, 8, 47),
(469, '17626', 7, 6, 6, 24),
(470, '12438', 4, 4, 5, 76),
(471, '12457', 9, 6, 1, 54),
(472, '13692', 10, 2, 6, 0),
(473, '10928', 5, 4, 2, 21),
(474, '14790', 4, 6, 8, 19),
(475, '13550', 10, 1, 9, 4),
(476, '14189', 7, 3, 6, 41),
(477, '11242', 4, 6, 7, 85),
(478, '19114', 2, 6, 8, 77),
(479, '10016', 9, 4, 6, 11),
(480, '16838', 5, 6, 2, 30),
(481, '18874', 7, 4, 7, 12),
(482, '11740', 5, 1, 5, 86),
(483, '18453', 9, 4, 1, 60),
(484, '18926', 9, 2, 8, 55),
(485, '9078', 2, 2, 9, 96),
(486, '18838', 7, 4, 2, 99),
(487, '12043', 10, 5, 7, 43),
(488, '19537', 6, 5, 4, 47),
(489, '9775', 7, 5, 6, 66),
(490, '14664', 10, 2, 8, 88),
(491, '16558', 1, 1, 3, 23),
(492, '10045', 5, 5, 2, 45),
(493, '18468', 1, 5, 3, 44),
(494, '10474', 1, 2, 4, 0),
(495, '18715', 5, 5, 4, 71),
(496, '10832', 4, 6, 5, 89),
(497, '17632', 5, 5, 5, 25),
(498, '16223', 9, 6, 1, 36),
(499, '17572', 10, 3, 3, 98),
(500, '8561', 7, 6, 8, 20),
(512, '10828', 9, 4, 7, 40),
(513, '10828', 9, 1, 7, 1),
(514, '16899', 3, 3, 4, 83),
(515, '16109', 3, 4, 2, 10),
(516, '16109', 3, 1, 2, 3),
(517, '14083', 7, 4, 5, 84),
(518, '14083', 7, 3, 5, 9),
(519, '13139', 5, 6, 6, 95),
(520, '13139', 5, 4, 6, 47),
(521, '13139', 5, 2, 6, 49),
(522, '10101', 9, 3, 1, 5),
(523, '8992', 9, 5, 3, 76),
(524, '8992', 9, 2, 3, 64),
(525, '8992', 9, 1, 3, 91),
(526, '8427', 5, 4, 1, 63),
(527, '8427', 5, 3, 1, 41),
(528, '15823', 2, 5, 8, 18),
(529, '13486', 7, 6, 2, 65),
(530, '13486', 7, 3, 2, 72),
(531, '13486', 7, 1, 2, 62),
(532, '19809', 1, 5, 4, 93),
(533, '19809', 1, 4, 4, 78),
(534, '19809', 1, 3, 4, 11),
(535, '9063', 6, 6, 3, 21),
(536, '9063', 6, 4, 3, 72),
(537, '9063', 6, 2, 3, 95),
(538, '9063', 6, 1, 3, 60),
(539, '16371', 4, 6, 9, 12),
(540, '16371', 4, 4, 9, 83),
(541, '17031', 7, 4, 5, 76),
(542, '17031', 7, 3, 5, 30),
(543, '7732', 3, 5, 8, 23),
(544, '7732', 3, 4, 8, 25),
(545, '7732', 3, 3, 8, 55),
(546, '7732', 3, 2, 8, 98),
(547, '15166', 2, 5, 8, 24),
(548, '17804', 9, 3, 1, 28),
(549, '10236', 5, 5, 7, 66),
(550, '10236', 5, 3, 7, 44),
(551, '10500', 4, 6, 6, 24),
(552, '15594', 7, 5, 9, 89),
(553, '15594', 7, 4, 9, 69),
(554, '15594', 7, 1, 9, 81),
(555, '15774', 5, 2, 4, 94),
(556, '19344', 6, 6, 4, 28),
(557, '19344', 6, 4, 4, 58),
(558, '19344', 6, 3, 4, 6),
(559, '19344', 6, 2, 4, 53),
(560, '15091', 8, 5, 9, 48),
(561, '15091', 8, 2, 9, 79),
(562, '10728', 1, 6, 2, 49),
(563, '17779', 5, 6, 8, 11),
(564, '17779', 5, 5, 8, 5),
(565, '17779', 5, 1, 8, 94),
(566, '11840', 5, 5, 3, 52),
(567, '11840', 5, 3, 3, 78),
(568, '16364', 5, 2, 4, 34),
(569, '8067', 1, 5, 4, 35),
(570, '8067', 1, 4, 4, 72),
(571, '8067', 1, 3, 4, 56),
(572, '8400', 6, 6, 2, 62),
(573, '8400', 6, 5, 2, 41),
(574, '8400', 6, 4, 2, 20),
(575, '8400', 6, 2, 2, 75),
(576, '18808', 9, 4, 9, 15),
(577, '18808', 9, 1, 9, 49),
(578, '15257', 10, 3, 7, 2),
(579, '15257', 10, 2, 7, 60),
(580, '9906', 2, 6, 2, 93),
(581, '9906', 2, 3, 2, 85),
(582, '9906', 2, 2, 2, 48),
(583, '12581', 4, 6, 6, 82),
(584, '19994', 5, 2, 4, 68),
(585, '19848', 5, 2, 4, 93),
(586, '19153', 3, 4, 3, 58),
(587, '19153', 3, 2, 3, 12),
(588, '17682', 8, 1, 1, 86),
(589, '17678', 5, 4, 1, 94),
(590, '17678', 5, 3, 1, 11),
(591, '16351', 5, 2, 4, 72),
(592, '12167', 7, 5, 8, 25),
(593, '12167', 7, 3, 8, 11),
(594, '13602', 8, 6, 2, 79),
(595, '13602', 8, 5, 2, 60),
(596, '13602', 8, 4, 2, 62),
(597, '13661', 3, 3, 4, 29),
(598, '12827', 9, 3, 2, 60),
(599, '12827', 9, 2, 2, 11),
(600, '15814', 3, 5, 5, 77),
(601, '15814', 3, 4, 5, 49),
(602, '9105', 10, 3, 7, 16),
(603, '9105', 10, 2, 7, 31),
(604, '8579', 2, 4, 9, 8),
(605, '18602', 4, 6, 9, 47),
(606, '18602', 4, 4, 9, 11),
(607, '19197', 2, 4, 1, 12),
(608, '7878', 2, 5, 8, 28),
(609, '15928', 10, 6, 9, 5),
(610, '15263', 9, 5, 3, 38),
(611, '15263', 9, 2, 3, 74),
(612, '15263', 9, 1, 3, 57),
(613, '15689', 9, 5, 5, 61),
(614, '15689', 9, 4, 5, 33),
(615, '15689', 9, 2, 5, 84),
(616, '12777', 10, 5, 6, 21),
(617, '12777', 10, 4, 6, 50),
(618, '12777', 10, 1, 6, 86),
(619, '7847', 3, 5, 9, 82),
(620, '8510', 1, 5, 4, 49),
(621, '8510', 1, 4, 4, 99),
(622, '8510', 1, 3, 4, 47),
(623, '13515', 2, 6, 7, 38),
(624, '13515', 2, 3, 7, 49),
(625, '13515', 2, 1, 7, 32),
(626, '7838', 9, 4, 9, 10),
(627, '7838', 9, 1, 9, 55),
(628, '13215', 4, 6, 6, 42),
(629, '9977', 4, 6, 6, 47),
(630, '16134', 4, 5, 3, 6),
(631, '16136', 7, 4, 3, 89),
(632, '16136', 7, 3, 3, 27),
(633, '18258', 3, 4, 3, 68),
(634, '18258', 3, 2, 3, 56),
(635, '15813', 10, 5, 6, 77),
(636, '15813', 10, 4, 6, 18),
(637, '15813', 10, 1, 6, 58),
(638, '13929', 9, 4, 9, 36),
(639, '13929', 9, 1, 9, 5),
(640, '12785', 3, 5, 5, 15),
(641, '12785', 3, 4, 5, 59),
(642, '19023', 1, 5, 4, 49),
(643, '19023', 1, 4, 4, 69),
(644, '19023', 1, 3, 4, 97),
(645, '7091', 3, 6, 6, 78),
(646, '7091', 3, 4, 6, 98),
(647, '7091', 3, 1, 6, 57),
(648, '15169', 3, 6, 6, 91),
(649, '15169', 3, 4, 6, 81),
(650, '15169', 3, 1, 6, 31),
(651, '9567', 8, 5, 6, 13),
(652, '9567', 8, 4, 6, 69),
(653, '9567', 8, 3, 6, 8),
(654, '9567', 8, 2, 6, 33),
(655, '9567', 8, 1, 6, 42),
(656, '11222', 7, 6, 1, 7),
(657, '11222', 7, 5, 1, 10),
(658, '7505', 1, 4, 8, 30),
(659, '7505', 1, 3, 8, 20),
(660, '7505', 1, 1, 8, 9),
(661, '12090', 10, 5, 1, 85),
(662, '12090', 10, 1, 1, 96),
(663, '8401', 8, 5, 9, 26),
(664, '8401', 8, 2, 9, 41),
(665, '18701', 8, 6, 8, 24),
(666, '18701', 8, 5, 8, 100),
(667, '18701', 8, 4, 8, 27),
(668, '18701', 8, 3, 8, 36),
(669, '18701', 8, 1, 8, 95),
(670, '13461', 7, 6, 1, 68),
(671, '13461', 7, 5, 1, 54),
(672, '11090', 10, 5, 5, 64),
(673, '11090', 10, 1, 5, 58),
(674, '15480', 4, 3, 5, 98),
(675, '16498', 10, 6, 8, 16),
(676, '16498', 10, 1, 8, 84),
(677, '9457', 2, 5, 5, 74),
(678, '9457', 2, 4, 5, 17),
(679, '9457', 2, 1, 5, 61),
(680, '11270', 10, 5, 3, 55),
(681, '11270', 10, 4, 3, 90),
(682, '11270', 10, 1, 3, 83),
(683, '14152', 5, 1, 2, 47),
(684, '16600', 4, 3, 7, 85),
(685, '16600', 4, 1, 7, 82),
(686, '14646', 4, 5, 3, 55),
(687, '8831', 4, 4, 4, 30),
(688, '8831', 4, 3, 4, 85),
(689, '18687', 8, 1, 1, 34),
(690, '18572', 6, 5, 1, 14),
(691, '18572', 6, 3, 1, 68),
(692, '18572', 6, 2, 1, 98),
(693, '14131', 1, 3, 9, 84),
(694, '14131', 1, 1, 9, 27),
(695, '17268', 7, 6, 4, 83),
(696, '17268', 7, 5, 4, 31),
(697, '17268', 7, 3, 4, 8),
(698, '16492', 8, 6, 3, 45),
(699, '16492', 8, 4, 3, 99),
(700, '7985', 1, 4, 8, 62),
(701, '7985', 1, 3, 8, 11),
(702, '7985', 1, 1, 8, 68),
(703, '11423', 7, 4, 5, 9),
(704, '11423', 7, 3, 5, 40),
(705, '13182', 6, 5, 1, 73),
(706, '13182', 6, 3, 1, 45),
(707, '13182', 6, 2, 1, 4),
(708, '17352', 9, 6, 6, 85),
(709, '17352', 9, 5, 6, 13),
(710, '17352', 9, 2, 6, 10),
(711, '7040', 8, 5, 9, 9),
(712, '7040', 8, 2, 9, 13),
(713, '8611', 1, 4, 8, 39),
(714, '8611', 1, 3, 8, 58),
(715, '8611', 1, 1, 8, 69),
(716, '7740', 6, 6, 2, 71),
(717, '7740', 6, 5, 2, 49),
(718, '7740', 6, 4, 2, 30),
(719, '7740', 6, 2, 2, 2),
(720, '18880', 9, 3, 1, 21),
(721, '9192', 4, 3, 5, 99),
(722, '15482', 6, 5, 7, 30),
(723, '15482', 6, 4, 7, 51),
(724, '15482', 6, 1, 7, 67),
(725, '12445', 4, 6, 6, 82),
(726, '10348', 4, 5, 8, 9),
(727, '9603', 7, 5, 8, 97),
(728, '9603', 7, 3, 8, 57),
(729, '17660', 8, 1, 1, 94),
(730, '18696', 4, 6, 2, 99),
(731, '18696', 4, 4, 2, 13),
(732, '18696', 4, 2, 2, 68),
(733, '18435', 10, 6, 2, 100),
(734, '18435', 10, 5, 2, 95),
(735, '18435', 10, 4, 2, 74),
(736, '18227', 1, 5, 1, 86),
(737, '18227', 1, 1, 1, 5),
(738, '8178', 3, 4, 2, 69),
(739, '8178', 3, 1, 2, 28),
(740, '18162', 2, 6, 2, 32),
(741, '18162', 2, 3, 2, 78),
(742, '18162', 2, 2, 2, 92),
(743, '12611', 4, 5, 3, 26),
(744, '8324', 3, 5, 8, 52),
(745, '8324', 3, 4, 8, 82),
(746, '8324', 3, 3, 8, 52),
(747, '8324', 3, 2, 8, 17),
(748, '11383', 10, 5, 1, 25),
(749, '11383', 10, 1, 1, 75),
(750, '14342', 6, 3, 8, 99),
(751, '9292', 3, 5, 5, 70),
(752, '9292', 3, 4, 5, 54),
(753, '18563', 9, 4, 7, 60),
(754, '18563', 9, 1, 7, 36),
(755, '9009', 4, 5, 3, 2),
(756, '17363', 10, 3, 7, 99),
(757, '17363', 10, 2, 7, 89),
(758, '10768', 2, 6, 6, 48),
(759, '18561', 9, 6, 6, 73),
(760, '18561', 9, 5, 6, 18),
(761, '18561', 9, 2, 6, 73),
(762, '11222', 9, 6, 6, 11),
(763, '11222', 9, 5, 6, 35),
(764, '11222', 9, 2, 6, 39),
(765, '16856', 4, 6, 2, 91),
(766, '16856', 4, 4, 2, 40),
(767, '16856', 4, 2, 2, 23),
(768, '14026', 6, 6, 6, 97),
(769, '14026', 6, 5, 6, 13),
(770, '14026', 6, 4, 6, 73),
(771, '14026', 6, 3, 6, 26),
(772, '19226', 6, 6, 4, 13),
(773, '19226', 6, 4, 4, 85),
(774, '19226', 6, 3, 4, 85),
(775, '19226', 6, 2, 4, 71),
(776, '19153', 8, 4, 4, 99),
(777, '19153', 8, 2, 4, 83),
(778, '12801', 4, 5, 8, 17),
(779, '7393', 9, 5, 3, 37),
(780, '7393', 9, 2, 3, 31),
(781, '7393', 9, 1, 3, 45),
(782, '9305', 1, 4, 8, 30),
(783, '9305', 1, 3, 8, 16),
(784, '9305', 1, 1, 8, 87),
(785, '9632', 5, 5, 7, 88),
(786, '9632', 5, 3, 7, 78),
(787, '15054', 6, 3, 8, 24),
(788, '15990', 10, 6, 8, 85),
(789, '15990', 10, 1, 8, 55),
(790, '13283', 10, 6, 4, 21),
(791, '13283', 10, 4, 4, 37),
(792, '13283', 10, 1, 4, 20),
(793, '19123', 1, 6, 2, 92),
(794, '8753', 10, 3, 7, 97),
(795, '8753', 10, 2, 7, 11),
(796, '11525', 1, 5, 5, 63),
(797, '11525', 1, 4, 5, 80),
(798, '11525', 1, 1, 5, 12),
(799, '15945', 2, 6, 7, 21),
(800, '15945', 2, 3, 7, 66),
(801, '15945', 2, 1, 7, 67),
(802, '11686', 7, 5, 9, 36),
(803, '11686', 7, 4, 9, 77),
(804, '11686', 7, 1, 9, 79),
(805, '14272', 4, 5, 8, 64),
(806, '13455', 4, 6, 9, 82),
(807, '13455', 4, 4, 9, 18),
(808, '13779', 9, 4, 7, 44),
(809, '13779', 9, 1, 7, 65),
(810, '13900', 2, 5, 5, 92),
(811, '13900', 2, 4, 5, 66),
(812, '13900', 2, 1, 5, 51),
(813, '9112', 1, 6, 7, 57),
(814, '9112', 1, 5, 7, 33),
(815, '9112', 1, 3, 7, 91),
(816, '15960', 8, 6, 7, 58),
(817, '15960', 8, 2, 7, 16),
(818, '15960', 8, 1, 7, 3),
(819, '16350', 1, 6, 7, 69),
(820, '16350', 1, 5, 7, 35),
(821, '16350', 1, 3, 7, 67),
(822, '12384', 4, 4, 4, 30),
(823, '12384', 4, 3, 4, 49),
(824, '9329', 10, 5, 3, 54),
(825, '9329', 10, 4, 3, 21),
(826, '9329', 10, 1, 3, 43),
(827, '15047', 4, 6, 1, 53),
(828, '15047', 4, 2, 1, 36),
(829, '13905', 8, 4, 4, 20),
(830, '13905', 8, 2, 4, 91),
(831, '7855', 2, 5, 5, 95),
(832, '7855', 2, 4, 5, 1),
(833, '7855', 2, 1, 5, 19),
(834, '19393', 3, 4, 2, 91),
(835, '19393', 3, 1, 2, 97),
(836, '8982', 6, 3, 8, 11),
(837, '10785', 1, 5, 5, 66),
(838, '10785', 1, 4, 5, 96),
(839, '10785', 1, 1, 5, 79),
(840, '12174', 10, 6, 4, 9),
(841, '12174', 10, 4, 4, 8),
(842, '12174', 10, 1, 4, 11),
(843, '14826', 7, 4, 5, 32),
(844, '14826', 7, 3, 5, 25),
(845, '7400', 1, 6, 2, 28),
(846, '9147', 7, 3, 7, 66),
(847, '9147', 7, 2, 7, 43),
(848, '9105', 10, 5, 1, 20),
(849, '9105', 10, 1, 1, 68),
(850, '16509', 4, 6, 9, 79),
(851, '16509', 4, 4, 9, 90),
(852, '15174', 8, 6, 3, 12),
(853, '15174', 8, 4, 3, 92),
(854, '17183', 10, 6, 2, 23),
(855, '17183', 10, 5, 2, 39),
(856, '17183', 10, 4, 2, 25),
(857, '16112', 7, 4, 3, 9),
(858, '16112', 7, 3, 3, 69),
(859, '7123', 10, 6, 8, 15),
(860, '7123', 10, 1, 8, 69),
(861, '15855', 2, 4, 1, 99),
(862, '12316', 3, 5, 8, 86),
(863, '12316', 3, 4, 8, 34),
(864, '12316', 3, 3, 8, 10),
(865, '12316', 3, 2, 8, 49),
(866, '19293', 1, 3, 9, 14),
(867, '19293', 1, 1, 9, 23),
(868, '12327', 3, 3, 4, 72),
(869, '15448', 4, 6, 1, 90),
(870, '15448', 4, 2, 1, 33),
(871, '7362', 9, 3, 2, 96),
(872, '7362', 9, 2, 2, 79),
(873, '9621', 4, 6, 2, 5),
(874, '9621', 4, 4, 2, 90),
(875, '9621', 4, 2, 2, 33),
(876, '15166', 4, 6, 6, 96),
(877, '14961', 8, 4, 4, 81),
(878, '14961', 8, 2, 4, 15),
(879, '15315', 3, 5, 9, 33),
(880, '15185', 4, 5, 8, 19),
(881, '10512', 3, 5, 5, 94),
(882, '10512', 3, 4, 5, 14),
(883, '13730', 5, 4, 1, 88),
(884, '13730', 5, 3, 1, 95),
(885, '7389', 2, 5, 8, 11),
(886, '11383', 7, 6, 4, 72),
(887, '11383', 7, 5, 4, 25),
(888, '11383', 7, 3, 4, 9),
(889, '8664', 5, 4, 1, 67),
(890, '8664', 5, 3, 1, 11),
(891, '18250', 10, 5, 5, 50),
(892, '18250', 10, 1, 5, 19),
(893, '12389', 4, 3, 5, 43),
(894, '9553', 5, 6, 6, 60),
(895, '9553', 5, 4, 6, 69),
(896, '9553', 5, 2, 6, 64),
(897, '19190', 4, 6, 9, 11),
(898, '19190', 4, 4, 9, 64),
(899, '12925', 4, 4, 4, 87),
(900, '12925', 4, 3, 4, 40),
(901, '13126', 7, 4, 6, 40),
(902, '13126', 7, 2, 6, 80),
(903, '10967', 9, 6, 6, 80),
(904, '10967', 9, 5, 6, 59),
(905, '10967', 9, 2, 6, 53),
(906, '15699', 3, 5, 5, 88),
(907, '15699', 3, 4, 5, 83),
(908, '18578', 8, 6, 3, 48),
(909, '18578', 8, 4, 3, 91),
(910, '8474', 7, 4, 3, 9),
(911, '8474', 7, 3, 3, 73),
(912, '18626', 3, 4, 2, 37),
(913, '18626', 3, 1, 2, 66),
(914, '15188', 9, 5, 4, 19),
(915, '15188', 9, 4, 4, 94),
(916, '15188', 9, 2, 4, 15),
(917, '16007', 2, 5, 8, 92),
(918, '19001', 8, 1, 1, 13),
(919, '11837', 8, 1, 1, 92),
(920, '13203', 1, 5, 5, 17),
(921, '13203', 1, 4, 5, 8),
(922, '13203', 1, 1, 5, 90),
(923, '12266', 4, 6, 1, 27),
(924, '12266', 4, 2, 1, 64),
(925, '14738', 2, 5, 8, 39),
(926, '14101', 7, 3, 7, 100),
(927, '14101', 7, 2, 7, 84),
(928, '8942', 4, 3, 5, 18),
(929, '15695', 7, 4, 3, 37),
(930, '15695', 7, 3, 3, 34),
(931, '10857', 7, 6, 2, 55),
(932, '10857', 7, 3, 2, 75),
(933, '10857', 7, 1, 2, 7),
(934, '8261', 2, 5, 4, 10),
(935, '8261', 2, 3, 4, 29),
(936, '8261', 2, 2, 4, 12),
(937, '8261', 2, 1, 4, 76),
(938, '7336', 4, 5, 3, 41),
(939, '15225', 1, 5, 6, 77),
(940, '15225', 1, 3, 6, 63),
(941, '15225', 1, 2, 6, 82),
(942, '15225', 1, 1, 6, 19),
(943, '7239', 7, 6, 1, 49),
(944, '7239', 7, 5, 1, 89),
(945, '12447', 10, 6, 9, 95),
(946, '14816', 3, 6, 6, 9),
(947, '14816', 3, 4, 6, 59),
(948, '14816', 3, 1, 6, 69),
(949, '8019', 7, 4, 5, 66),
(950, '8019', 7, 3, 5, 22),
(951, '14166', 2, 5, 4, 13),
(952, '14166', 2, 3, 4, 97),
(953, '14166', 2, 2, 4, 46),
(954, '14166', 2, 1, 4, 40),
(955, '8280', 4, 5, 3, 61),
(956, '11916', 8, 6, 5, 84),
(957, '11916', 8, 3, 5, 35),
(958, '11916', 8, 2, 5, 25),
(959, '18126', 10, 5, 5, 17),
(960, '18126', 10, 1, 5, 11),
(961, '14124', 3, 5, 9, 5),
(962, '15590', 5, 6, 8, 90),
(963, '15590', 5, 5, 8, 33),
(964, '15590', 5, 1, 8, 97),
(965, '12508', 1, 6, 2, 83),
(966, '13145', 6, 3, 8, 25),
(967, '10353', 7, 3, 7, 75),
(968, '10353', 7, 2, 7, 99),
(969, '14707', 2, 5, 8, 68),
(970, '18393', 4, 4, 4, 44),
(971, '18393', 4, 3, 4, 17),
(972, '15262', 6, 3, 8, 51),
(973, '14052', 6, 5, 1, 3),
(974, '14052', 6, 3, 1, 64),
(975, '14052', 6, 2, 1, 8),
(976, '16587', 10, 6, 2, 48),
(977, '16587', 10, 5, 2, 15),
(978, '16587', 10, 4, 2, 33),
(979, '19762', 9, 3, 1, 17),
(980, '17249', 3, 4, 2, 85),
(981, '17249', 3, 1, 2, 76),
(982, '11885', 6, 6, 3, 22),
(983, '11885', 6, 4, 3, 82),
(984, '11885', 6, 2, 3, 44),
(985, '11885', 6, 1, 3, 75),
(986, '15809', 8, 6, 5, 41),
(987, '15809', 8, 3, 5, 81),
(988, '15809', 8, 2, 5, 83),
(989, '9303', 1, 3, 9, 69),
(990, '9303', 1, 1, 9, 96),
(991, '15461', 1, 4, 8, 71),
(992, '15461', 1, 3, 8, 69),
(993, '15461', 1, 1, 8, 31),
(994, '19588', 5, 5, 7, 46),
(995, '19588', 5, 3, 7, 39),
(996, '8673', 5, 5, 9, 56),
(997, '8673', 5, 3, 9, 64),
(998, '8673', 5, 1, 9, 49),
(999, '15015', 9, 5, 3, 52),
(1000, '15015', 9, 2, 3, 14),
(1001, '15015', 9, 1, 3, 14),
(1002, '9302', 4, 6, 6, 27),
(1003, '12953', 4, 4, 4, 94),
(1004, '12953', 4, 3, 4, 86),
(1005, '12320', 1, 3, 9, 46),
(1006, '12320', 1, 1, 9, 75),
(1007, '11754', 5, 5, 7, 34),
(1008, '11754', 5, 3, 7, 46),
(1009, '7579', 1, 5, 4, 25),
(1010, '7579', 1, 4, 4, 88),
(1011, '7579', 1, 3, 4, 65),
(1012, '17920', 5, 2, 4, 60),
(1013, '9926', 4, 6, 1, 6),
(1014, '9926', 4, 2, 1, 48),
(1015, '19412', 2, 4, 1, 23),
(1016, '15319', 8, 1, 1, 68),
(1017, '19255', 2, 5, 8, 72),
(1018, '7606', 6, 5, 7, 54),
(1019, '7606', 6, 4, 7, 55),
(1020, '7606', 6, 1, 7, 12),
(1021, '16195', 4, 6, 1, 94),
(1022, '16195', 4, 2, 1, 36),
(1023, '7453', 9, 3, 1, 94),
(1024, '14655', 8, 6, 2, 63),
(1025, '14655', 8, 5, 2, 30),
(1026, '14655', 8, 4, 2, 64),
(1027, '8758', 5, 5, 9, 26),
(1028, '8758', 5, 3, 9, 40),
(1029, '8758', 5, 1, 9, 20),
(1030, '11811', 1, 4, 8, 79),
(1031, '11811', 1, 3, 8, 36),
(1032, '11811', 1, 1, 8, 41),
(1033, '7753', 1, 5, 5, 99),
(1034, '7753', 1, 4, 5, 70),
(1035, '7753', 1, 1, 5, 55),
(1036, '14510', 2, 4, 9, 62),
(1037, '7265', 3, 6, 7, 45),
(1038, '7265', 3, 3, 7, 38),
(1039, '7265', 3, 1, 7, 54),
(1040, '17137', 2, 6, 2, 56),
(1041, '17137', 2, 3, 2, 16),
(1042, '17137', 2, 2, 2, 11),
(1043, '9746', 10, 6, 2, 9),
(1044, '9746', 10, 5, 2, 10),
(1045, '9746', 10, 4, 2, 25),
(1046, '8563', 3, 5, 9, 93),
(1047, '8082', 2, 4, 3, 89),
(1048, '8082', 2, 3, 3, 66),
(1049, '8082', 2, 1, 3, 63),
(1050, '14482', 5, 1, 2, 18),
(1051, '17319', 8, 1, 1, 98),
(1052, '19767', 5, 6, 8, 35),
(1053, '19767', 5, 5, 8, 82),
(1054, '19767', 5, 1, 8, 3),
(1055, '17086', 6, 6, 9, 68),
(1056, '17086', 6, 5, 9, 32),
(1057, '17086', 6, 4, 9, 55),
(1058, '17086', 6, 3, 9, 80),
(1059, '17241', 2, 6, 6, 32),
(1060, '13425', 1, 5, 5, 21),
(1061, '13425', 1, 4, 5, 6),
(1062, '13425', 1, 1, 5, 70),
(1063, '15060', 3, 5, 9, 28),
(1064, '12160', 1, 3, 9, 33),
(1065, '12160', 1, 1, 9, 78),
(1066, '18577', 7, 5, 8, 89),
(1067, '18577', 7, 3, 8, 14),
(1068, '8818', 2, 6, 2, 2),
(1069, '8818', 2, 3, 2, 65),
(1070, '8818', 2, 2, 2, 20),
(1071, '18533', 4, 6, 2, 4),
(1072, '18533', 4, 4, 2, 59),
(1073, '18533', 4, 2, 2, 83),
(1074, '15218', 7, 6, 4, 38),
(1075, '15218', 7, 5, 4, 39),
(1076, '15218', 7, 3, 4, 79),
(1077, '18010', 7, 5, 8, 80),
(1078, '18010', 7, 3, 8, 63),
(1079, '16067', 3, 5, 5, 72),
(1080, '16067', 3, 4, 5, 70),
(1081, '7329', 6, 3, 8, 35),
(1082, '17948', 4, 6, 2, 65),
(1083, '17948', 4, 4, 2, 18),
(1084, '17948', 4, 2, 2, 96),
(1085, '17570', 2, 4, 1, 26),
(1086, '11536', 2, 6, 6, 41),
(1087, '8744', 9, 5, 4, 25),
(1088, '8744', 9, 4, 4, 2),
(1089, '8744', 9, 2, 4, 33),
(1090, '8151', 10, 5, 1, 61),
(1091, '8151', 10, 1, 1, 3),
(1092, '8099', 4, 6, 1, 31),
(1093, '8099', 4, 2, 1, 45),
(1094, '9344', 7, 4, 3, 33),
(1095, '9344', 7, 3, 3, 30),
(1096, '12871', 7, 3, 7, 49),
(1097, '12871', 7, 2, 7, 57),
(1098, '11699', 8, 6, 7, 34),
(1099, '11699', 8, 2, 7, 2),
(1100, '11699', 8, 1, 7, 6),
(1101, '12748', 2, 5, 8, 24),
(1102, '11920', 9, 3, 2, 100),
(1103, '11920', 9, 2, 2, 28),
(1104, '18325', 9, 3, 2, 40),
(1105, '18325', 9, 2, 2, 13),
(1106, '19862', 1, 6, 7, 47),
(1107, '19862', 1, 5, 7, 97),
(1108, '19862', 1, 3, 7, 41),
(1109, '15984', 10, 6, 9, 13),
(1110, '18922', 9, 4, 9, 42),
(1111, '18922', 9, 1, 9, 72),
(1112, '14306', 9, 5, 5, 34),
(1113, '14306', 9, 4, 5, 51),
(1114, '14306', 9, 2, 5, 52),
(1115, '18985', 1, 5, 1, 9),
(1116, '18985', 1, 1, 1, 86),
(1117, '10989', 4, 6, 9, 2),
(1118, '10989', 4, 4, 9, 52),
(1119, '15172', 6, 6, 6, 54),
(1120, '15172', 6, 5, 6, 13),
(1121, '15172', 6, 4, 6, 2),
(1122, '15172', 6, 3, 6, 70),
(1123, '15620', 3, 4, 2, 46),
(1124, '15620', 3, 1, 2, 18),
(1125, '11866', 2, 4, 3, 52),
(1126, '11866', 2, 3, 3, 6),
(1127, '11866', 2, 1, 3, 71),
(1128, '7825', 5, 5, 7, 39),
(1129, '7825', 5, 3, 7, 79),
(1130, '15678', 7, 6, 2, 78),
(1131, '15678', 7, 3, 2, 53),
(1132, '15678', 7, 1, 2, 29),
(1133, '10383', 2, 6, 6, 88),
(1134, '15535', 7, 6, 2, 52),
(1135, '15535', 7, 3, 2, 97),
(1136, '15535', 7, 1, 2, 26),
(1137, '9242', 8, 6, 7, 38),
(1138, '9242', 8, 2, 7, 12),
(1139, '9242', 8, 1, 7, 45),
(1140, '19351', 5, 6, 6, 90),
(1141, '19351', 5, 4, 6, 15),
(1142, '19351', 5, 2, 6, 4),
(1143, '14066', 4, 6, 6, 76),
(1144, '18325', 6, 6, 9, 65),
(1145, '18325', 6, 5, 9, 96),
(1146, '18325', 6, 4, 9, 85),
(1147, '18325', 6, 3, 9, 36),
(1148, '18877', 9, 6, 6, 24),
(1149, '18877', 9, 5, 6, 14),
(1150, '18877', 9, 2, 6, 97),
(1151, '18794', 7, 5, 9, 43),
(1152, '18794', 7, 4, 9, 23),
(1153, '18794', 7, 1, 9, 86),
(1154, '10396', 5, 5, 3, 62),
(1155, '10396', 5, 3, 3, 50),
(1156, '18115', 1, 5, 1, 62),
(1157, '18115', 1, 1, 1, 60),
(1158, '15855', 1, 5, 1, 13),
(1159, '15855', 1, 1, 1, 85),
(1160, '19554', 10, 5, 5, 84),
(1161, '19554', 10, 1, 5, 65),
(1162, '19189', 3, 6, 7, 74),
(1163, '19189', 3, 3, 7, 75),
(1164, '19189', 3, 1, 7, 50),
(1165, '11374', 4, 4, 4, 25),
(1166, '11374', 4, 3, 4, 75),
(1167, '13322', 1, 5, 5, 99),
(1168, '13322', 1, 4, 5, 70),
(1169, '13322', 1, 1, 5, 51),
(1170, '14668', 5, 5, 3, 45),
(1171, '14668', 5, 3, 3, 70),
(1172, '19008', 10, 5, 5, 15),
(1173, '19008', 10, 1, 5, 67),
(1174, '8633', 2, 6, 6, 88),
(1175, '19122', 8, 1, 1, 37),
(1176, '18810', 1, 5, 6, 20),
(1177, '18810', 1, 3, 6, 92),
(1178, '18810', 1, 2, 6, 96),
(1179, '18810', 1, 1, 6, 4),
(1180, '12729', 9, 3, 2, 31),
(1181, '12729', 9, 2, 2, 44),
(1182, '11683', 2, 6, 6, 25),
(1183, '11253', 10, 6, 8, 94),
(1184, '11253', 10, 1, 8, 95),
(1185, '7550', 9, 5, 4, 93),
(1186, '7550', 9, 4, 4, 77),
(1187, '7550', 9, 2, 4, 7),
(1188, '19985', 9, 4, 7, 5),
(1189, '19985', 9, 1, 7, 3),
(1190, '7135', 4, 3, 7, 98),
(1191, '7135', 4, 1, 7, 80),
(1192, '15370', 4, 5, 3, 7),
(1193, '9824', 4, 6, 1, 95),
(1194, '9824', 4, 2, 1, 54),
(1195, '7412', 8, 5, 9, 83),
(1196, '7412', 8, 2, 9, 51),
(1197, '7464', 9, 4, 7, 7),
(1198, '7464', 9, 1, 7, 84),
(1199, '19146', 3, 3, 4, 95),
(1200, '13957', 10, 6, 2, 22),
(1201, '13957', 10, 5, 2, 25),
(1202, '13957', 10, 4, 2, 60),
(1203, '15621', 3, 6, 6, 23),
(1204, '15621', 3, 4, 6, 34),
(1205, '15621', 3, 1, 6, 3),
(1206, '14776', 6, 6, 4, 12),
(1207, '14776', 6, 4, 4, 49),
(1208, '14776', 6, 3, 4, 9),
(1209, '14776', 6, 2, 4, 97),
(1210, '9067', 6, 5, 1, 59),
(1211, '9067', 6, 3, 1, 1),
(1212, '9067', 6, 2, 1, 29),
(1213, '9518', 4, 5, 3, 42),
(1214, '8937', 7, 4, 6, 22),
(1215, '8937', 7, 2, 6, 84),
(1216, '16275', 2, 4, 9, 54),
(1217, '9529', 2, 4, 1, 16),
(1218, '15252', 1, 5, 1, 17),
(1219, '15252', 1, 1, 1, 38),
(1220, '7219', 10, 6, 9, 36),
(1221, '15803', 8, 5, 9, 66),
(1222, '15803', 8, 2, 9, 24),
(1223, '16827', 5, 2, 4, 20),
(1224, '12607', 1, 6, 7, 30),
(1225, '12607', 1, 5, 7, 86),
(1226, '12607', 1, 3, 7, 43),
(1227, '14655', 2, 6, 7, 54),
(1228, '14655', 2, 3, 7, 43),
(1229, '14655', 2, 1, 7, 49),
(1230, '17286', 1, 5, 6, 17),
(1231, '17286', 1, 3, 6, 40),
(1232, '17286', 1, 2, 6, 45),
(1233, '17286', 1, 1, 6, 8),
(1234, '7241', 6, 5, 5, 1),
(1235, '7241', 6, 4, 5, 82),
(1236, '7241', 6, 2, 5, 5),
(1237, '7241', 6, 1, 5, 77),
(1238, '9336', 1, 5, 5, 73),
(1239, '9336', 1, 4, 5, 33),
(1240, '9336', 1, 1, 5, 43),
(1241, '14825', 2, 4, 3, 18),
(1242, '14825', 2, 3, 3, 58),
(1243, '14825', 2, 1, 3, 38),
(1244, '10289', 1, 3, 9, 15),
(1245, '10289', 1, 1, 9, 62),
(1246, '19043', 5, 4, 1, 62),
(1247, '19043', 5, 3, 1, 26),
(1248, '7499', 10, 5, 3, 41),
(1249, '7499', 10, 4, 3, 25),
(1250, '7499', 10, 1, 3, 5),
(1251, '14798', 1, 6, 2, 50),
(1252, '12880', 6, 5, 7, 32),
(1253, '12880', 6, 4, 7, 11),
(1254, '12880', 6, 1, 7, 57),
(1255, '13309', 4, 4, 4, 52),
(1256, '13309', 4, 3, 4, 89),
(1257, '7121', 3, 6, 7, 87),
(1258, '7121', 3, 3, 7, 68),
(1259, '7121', 3, 1, 7, 79),
(1260, '17784', 8, 5, 9, 90),
(1261, '17784', 8, 2, 9, 13),
(1262, '12043', 4, 6, 6, 95),
(1263, '16007', 7, 4, 5, 37),
(1264, '16007', 7, 3, 5, 96),
(1265, '16640', 3, 5, 9, 71),
(1266, '13045', 3, 3, 4, 68),
(1267, '16898', 7, 5, 8, 23),
(1268, '16898', 7, 3, 8, 12),
(1269, '8323', 10, 6, 4, 91),
(1270, '8323', 10, 4, 4, 18),
(1271, '8323', 10, 1, 4, 19),
(1272, '8461', 1, 4, 8, 37),
(1273, '8461', 1, 3, 8, 29),
(1274, '8461', 1, 1, 8, 33),
(1275, '8448', 8, 6, 7, 76),
(1276, '8448', 8, 2, 7, 81),
(1277, '8448', 8, 1, 7, 75),
(1278, '7191', 5, 5, 9, 34),
(1279, '7191', 5, 3, 9, 43),
(1280, '7191', 5, 1, 9, 13),
(1281, '16038', 8, 6, 5, 38),
(1282, '16038', 8, 3, 5, 47),
(1283, '16038', 8, 2, 5, 23),
(1284, '18883', 4, 5, 8, 71),
(1285, '12280', 10, 6, 4, 86),
(1286, '12280', 10, 4, 4, 16),
(1287, '12280', 10, 1, 4, 21),
(1288, '7009', 9, 3, 1, 56),
(1289, '12542', 9, 5, 4, 17),
(1290, '12542', 9, 4, 4, 18),
(1291, '12542', 9, 2, 4, 37),
(1292, '16418', 10, 6, 9, 33),
(1293, '7934', 10, 6, 9, 51),
(1294, '19675', 3, 4, 2, 56),
(1295, '19675', 3, 1, 2, 25),
(1296, '16369', 10, 6, 8, 58),
(1297, '16369', 10, 1, 8, 16),
(1298, '8492', 5, 4, 1, 4),
(1299, '8492', 5, 3, 1, 72),
(1300, '9527', 6, 6, 2, 46),
(1301, '9527', 6, 5, 2, 14),
(1302, '9527', 6, 4, 2, 30),
(1303, '9527', 6, 2, 2, 8),
(1304, '14500', 4, 6, 9, 50),
(1305, '14500', 4, 4, 9, 25),
(1306, '16772', 2, 6, 2, 73),
(1307, '16772', 2, 3, 2, 90),
(1308, '16772', 2, 2, 2, 30),
(1309, '14237', 5, 4, 1, 79),
(1310, '14237', 5, 3, 1, 7),
(1311, '14392', 5, 6, 8, 96),
(1312, '14392', 5, 5, 8, 58),
(1313, '14392', 5, 1, 8, 1),
(1314, '12966', 10, 5, 5, 31),
(1315, '12966', 10, 1, 5, 51),
(1316, '17021', 7, 4, 6, 61),
(1317, '17021', 7, 2, 6, 50),
(1318, '13735', 6, 5, 7, 68),
(1319, '13735', 6, 4, 7, 91),
(1320, '13735', 6, 1, 7, 48),
(1321, '18265', 9, 5, 5, 69),
(1322, '18265', 9, 4, 5, 1),
(1323, '18265', 9, 2, 5, 95),
(1324, '10619', 9, 6, 6, 74),
(1325, '10619', 9, 5, 6, 82),
(1326, '10619', 9, 2, 6, 89),
(1327, '7738', 7, 6, 1, 97),
(1328, '7738', 7, 5, 1, 18),
(1329, '19731', 10, 6, 9, 100),
(1330, '11210', 4, 3, 7, 45),
(1331, '11210', 4, 1, 7, 22),
(1332, '15957', 1, 6, 2, 77),
(1333, '15004', 3, 5, 1, 17),
(1334, '15004', 3, 4, 1, 56),
(1335, '15004', 3, 2, 1, 28),
(1336, '15004', 3, 1, 1, 69),
(1337, '16706', 6, 3, 8, 61),
(1338, '16113', 2, 6, 7, 98),
(1339, '16113', 2, 3, 7, 5),
(1340, '16113', 2, 1, 7, 32),
(1341, '15268', 9, 4, 7, 44),
(1342, '15268', 9, 1, 7, 26),
(1343, '17312', 4, 5, 8, 94),
(1344, '14130', 2, 5, 8, 94),
(1345, '10963', 2, 6, 2, 86),
(1346, '10963', 2, 3, 2, 49),
(1347, '10963', 2, 2, 2, 85),
(1348, '12904', 9, 3, 1, 79),
(1349, '17820', 4, 4, 4, 40),
(1350, '17820', 4, 3, 4, 60),
(1351, '12021', 2, 5, 8, 83),
(1352, '12755', 2, 5, 4, 31),
(1353, '12755', 2, 3, 4, 7),
(1354, '12755', 2, 2, 4, 40),
(1355, '12755', 2, 1, 4, 78),
(1356, '9217', 8, 5, 9, 71),
(1357, '9217', 8, 2, 9, 21),
(1358, '7898', 10, 5, 1, 92),
(1359, '7898', 10, 1, 1, 97),
(1360, '13173', 8, 6, 2, 7),
(1361, '13173', 8, 5, 2, 45),
(1362, '13173', 8, 4, 2, 4),
(1363, '15510', 7, 5, 8, 83),
(1364, '15510', 7, 3, 8, 1),
(1365, '9476', 1, 6, 2, 57),
(1366, '18863', 9, 3, 1, 83),
(1367, '16830', 2, 4, 1, 41),
(1368, '15288', 7, 3, 7, 57),
(1369, '15288', 7, 2, 7, 60),
(1370, '16323', 5, 2, 4, 29),
(1371, '19331', 8, 1, 1, 63),
(1372, '17971', 8, 6, 3, 27),
(1373, '17971', 8, 4, 3, 46),
(1374, '11065', 3, 5, 5, 50),
(1375, '11065', 3, 4, 5, 13),
(1376, '8868', 1, 5, 1, 12),
(1377, '8868', 1, 1, 1, 23),
(1378, '19622', 9, 4, 7, 78),
(1379, '19622', 9, 1, 7, 19),
(1380, '9997', 10, 6, 9, 61),
(1381, '8419', 10, 5, 1, 46),
(1382, '8419', 10, 1, 1, 47),
(1383, '7994', 4, 3, 5, 96),
(1384, '10312', 8, 4, 4, 39),
(1385, '10312', 8, 2, 4, 8),
(1386, '9887', 10, 5, 1, 22),
(1387, '9887', 10, 1, 1, 85),
(1388, '15803', 6, 5, 7, 57),
(1389, '15803', 6, 4, 7, 31),
(1390, '15803', 6, 1, 7, 83),
(1391, '18332', 3, 3, 4, 23),
(1392, '10882', 10, 5, 6, 65),
(1393, '10882', 10, 4, 6, 57),
(1394, '10882', 10, 1, 6, 89),
(1395, '15634', 8, 6, 7, 73),
(1396, '15634', 8, 2, 7, 97),
(1397, '15634', 8, 1, 7, 65),
(1398, '7750', 3, 4, 3, 32),
(1399, '7750', 3, 2, 3, 68),
(1400, '16963', 3, 4, 3, 42),
(1401, '16963', 3, 2, 3, 4),
(1402, '13184', 9, 3, 2, 94),
(1403, '13184', 9, 2, 2, 56),
(1404, '12317', 8, 1, 1, 98),
(1405, '16559', 5, 5, 3, 23),
(1406, '16559', 5, 3, 3, 19),
(1407, '10268', 9, 4, 7, 26),
(1408, '10268', 9, 1, 7, 72),
(1409, '8497', 3, 4, 2, 81),
(1410, '8497', 3, 1, 2, 89),
(1411, '17847', 6, 6, 9, 100),
(1412, '17847', 6, 5, 9, 35),
(1413, '17847', 6, 4, 9, 73),
(1414, '17847', 6, 3, 9, 62),
(1415, '17716', 7, 6, 4, 89),
(1416, '17716', 7, 5, 4, 58),
(1417, '17716', 7, 3, 4, 24),
(1418, '8470', 4, 5, 3, 46),
(1419, '13891', 4, 3, 5, 58),
(1420, '12202', 10, 5, 3, 51),
(1421, '12202', 10, 4, 3, 82),
(1422, '12202', 10, 1, 3, 54),
(1423, '13783', 8, 6, 5, 24),
(1424, '13783', 8, 3, 5, 57),
(1425, '13783', 8, 2, 5, 15),
(1426, '12623', 6, 5, 5, 1),
(1427, '12623', 6, 4, 5, 61),
(1428, '12623', 6, 2, 5, 2),
(1429, '12623', 6, 1, 5, 24),
(1430, '9983', 8, 5, 9, 17),
(1431, '9983', 8, 2, 9, 9),
(1432, '12101', 1, 5, 4, 95),
(1433, '12101', 1, 4, 4, 46),
(1434, '12101', 1, 3, 4, 46),
(1435, '8017', 7, 6, 4, 90),
(1436, '8017', 7, 5, 4, 13),
(1437, '8017', 7, 3, 4, 95),
(1438, '8555', 10, 5, 3, 35),
(1439, '8555', 10, 4, 3, 89),
(1440, '8555', 10, 1, 3, 40),
(1441, '13538', 7, 6, 4, 33),
(1442, '13538', 7, 5, 4, 44),
(1443, '13538', 7, 3, 4, 21),
(1444, '16533', 5, 5, 3, 71),
(1445, '16533', 5, 3, 3, 92),
(1446, '13052', 1, 5, 1, 46),
(1447, '13052', 1, 1, 1, 54),
(1448, '13440', 3, 5, 1, 31),
(1449, '13440', 3, 4, 1, 93),
(1450, '13440', 3, 2, 1, 71),
(1451, '13440', 3, 1, 1, 78),
(1452, '15656', 10, 6, 8, 74),
(1453, '15656', 10, 1, 8, 37),
(1454, '16955', 9, 5, 5, 63),
(1455, '16955', 9, 4, 5, 1),
(1456, '16955', 9, 2, 5, 16),
(1457, '16908', 8, 6, 2, 76),
(1458, '16908', 8, 5, 2, 32),
(1459, '16908', 8, 4, 2, 31),
(1460, '8520', 7, 4, 3, 60),
(1461, '8520', 7, 3, 3, 4),
(1462, '11688', 7, 5, 9, 41),
(1463, '11688', 7, 4, 9, 94),
(1464, '11688', 7, 1, 9, 46),
(1465, '14366', 2, 6, 6, 47),
(1466, '9155', 4, 6, 2, 95),
(1467, '9155', 4, 4, 2, 34),
(1468, '9155', 4, 2, 2, 85),
(1469, '17904', 6, 6, 6, 22),
(1470, '17904', 6, 5, 6, 55),
(1471, '17904', 6, 4, 6, 8),
(1472, '17904', 6, 3, 6, 76),
(1473, '7065', 6, 5, 7, 54),
(1474, '7065', 6, 4, 7, 41),
(1475, '7065', 6, 1, 7, 43),
(1476, '14983', 2, 4, 9, 94),
(1477, '14066', 3, 6, 6, 37),
(1478, '14066', 3, 4, 6, 4),
(1479, '14066', 3, 1, 6, 7),
(1480, '13874', 5, 6, 8, 23),
(1481, '13874', 5, 5, 8, 92),
(1482, '13874', 5, 1, 8, 92),
(1483, '11324', 9, 5, 4, 82),
(1484, '11324', 9, 4, 4, 33),
(1485, '11324', 9, 2, 4, 21),
(1486, '14376', 3, 6, 7, 5),
(1487, '14376', 3, 3, 7, 59),
(1488, '14376', 3, 1, 7, 83),
(1489, '9126', 5, 6, 8, 36),
(1490, '9126', 5, 5, 8, 29),
(1491, '9126', 5, 1, 8, 38),
(1492, '11513', 3, 4, 3, 100),
(1493, '11513', 3, 2, 3, 87),
(1494, '11293', 6, 3, 8, 36),
(1495, '17626', 7, 4, 6, 17),
(1496, '17626', 7, 2, 6, 76),
(1497, '12438', 4, 3, 5, 31),
(1498, '12457', 9, 3, 1, 25),
(1499, '13692', 10, 5, 6, 31),
(1500, '13692', 10, 4, 6, 80),
(1501, '13692', 10, 1, 6, 5),
(1502, '10928', 5, 1, 2, 84),
(1503, '14790', 4, 5, 8, 6),
(1504, '13550', 10, 6, 9, 77),
(1505, '14189', 7, 4, 6, 67),
(1506, '14189', 7, 2, 6, 1),
(1507, '11242', 4, 3, 7, 6),
(1508, '11242', 4, 1, 7, 27),
(1509, '19114', 2, 5, 8, 14),
(1510, '10016', 9, 6, 6, 91),
(1511, '10016', 9, 5, 6, 12),
(1512, '10016', 9, 2, 6, 85),
(1513, '16838', 5, 1, 2, 90),
(1514, '18874', 7, 3, 7, 94),
(1515, '18874', 7, 2, 7, 99),
(1516, '18453', 9, 3, 1, 12),
(1517, '18926', 9, 6, 8, 64),
(1518, '18926', 9, 5, 8, 83),
(1519, '18926', 9, 4, 8, 24),
(1520, '18926', 9, 3, 8, 69),
(1521, '18926', 9, 1, 8, 72),
(1522, '9078', 2, 4, 9, 53),
(1523, '18838', 7, 6, 2, 46),
(1524, '18838', 7, 3, 2, 74),
(1525, '18838', 7, 1, 2, 31),
(1526, '12043', 10, 3, 7, 31),
(1527, '12043', 10, 2, 7, 63),
(1528, '19537', 6, 6, 4, 19),
(1529, '19537', 6, 4, 4, 7),
(1530, '19537', 6, 3, 4, 77),
(1531, '19537', 6, 2, 4, 62),
(1532, '9775', 7, 4, 6, 82),
(1533, '9775', 7, 2, 6, 21),
(1534, '14664', 10, 6, 8, 61),
(1535, '14664', 10, 1, 8, 41),
(1536, '10045', 5, 1, 2, 19),
(1537, '10474', 1, 5, 4, 73),
(1538, '10474', 1, 4, 4, 6),
(1539, '10474', 1, 3, 4, 13),
(1540, '18715', 5, 2, 4, 47),
(1541, '10832', 4, 3, 5, 94),
(1542, '16223', 9, 3, 1, 27),
(1543, '17572', 10, 5, 3, 53),
(1544, '17572', 10, 4, 3, 85),
(1545, '17572', 10, 1, 3, 67),
(1546, '8561', 7, 5, 8, 77),
(1547, '8561', 7, 3, 8, 86);

-- 
-- Dumping data for table vasarlok
--
INSERT INTO vasarlok(id, keresztnev, csaladnev, email, telefonszam, lakcim_id, jelszo) VALUES
(32, 'Zoli', 'Maci', 'lacika@gmail.com', '+0630776632', NULL, '85135f3c6bfe9df1735f8806f045ae73cece7219f7840d8e7e9297a7f846b48a'),
(33, 'Zoli', 'Maci', 'zoli@gmail.hu', '+06307766112', NULL, '85135f3c6bfe9df1735f8806f045ae73cece7219f7840d8e7e9297a7f846b48a'),
(36, 'Zoli', 'Maci', 'ASD@GMAIL.COM', '+0630776632', NULL, '85135f3c6bfe9df1735f8806f045ae73cece7219f7840d8e7e9297a7f846b48a');

-- 
-- Dumping data for table rendeles_termek
--
INSERT INTO rendeles_termek(id, rendeles_id, termek_id, mennyiseg) VALUES
(1, 5, 282, 5),
(2, 3, 458, 1),
(3, 5, 5, 3),
(4, 1, 51, 2),
(5, 1, 437, 5),
(8, 2, 44, 2),
(12, 5, 53, 2),
(13, 66, 5, 2),
(14, 66, 2, 2),
(15, 67, 16, 2),
(16, 67, 8, 1),
(17, 67, 28, 1),
(18, 68, 8, 2),
(19, 68, 16, 1),
(20, 69, 8, 2),
(21, 69, 16, 1),
(22, 70, 5, 2),
(23, 70, 16, 1),
(24, 71, 5, 2),
(25, 71, 16, 1),
(26, 72, 5, 2),
(27, 72, 16, 1),
(28, 73, 28, 1),
(29, 73, 32, 1),
(30, 74, 5, 2),
(31, 74, 16, 1),
(32, 75, 8, 1),
(33, 75, 28, 1),
(34, 76, 55, 1),
(35, 76, 60, 1),
(36, 77, 49, 1),
(37, 77, 55, 1),
(38, 78, 21, 2),
(39, 78, 16, 2),
(40, 79, 28, 1),
(41, 79, 49, 1),
(42, 79, 55, 1),
(43, 80, 18, 1),
(44, 80, 31, 1),
(45, 81, 28, 1),
(46, 81, 32, 1),
(47, 82, 32, 1),
(48, 82, 28, 1),
(49, 83, 49, 1),
(50, 83, 55, 1),
(51, 83, 60, 1),
(52, 84, 28, 1),
(53, 84, 32, 1),
(54, 85, 60, 1),
(55, 85, 55, 1),
(56, 85, 49, 1),
(57, 86, 32, 1),
(58, 86, 28, 1),
(59, 87, 5, 2),
(60, 87, 49, 1),
(61, 88, 55, 1),
(62, 88, 60, 1),
(63, 89, 28, 1),
(64, 89, 32, 1),
(65, 90, 8, 3),
(66, 91, 5, 2),
(67, 91, 16, 1),
(68, 92, 7, 2),
(69, 92, 18, 1),
(70, 93, 7, 2),
(71, 93, 18, 1),
(72, 94, 7, 1),
(73, 94, 51, 2),
(74, 95, 7, 1),
(75, 95, 51, 2),
(76, 96, 7, 1),
(77, 96, 51, 2),
(78, 97, 62, 1),
(79, 97, 52, 1),
(80, 98, 62, 1),
(81, 98, 52, 1),
(82, 99, 62, 1),
(83, 99, 52, 1),
(84, 100, 7, 1),
(85, 100, 18, 1),
(86, 101, 1, 1),
(87, 101, 2, 1),
(88, 102, 1, 1),
(89, 102, 2, 1),
(90, 103, 2, 1),
(91, 103, 1, 1),
(92, 104, 1, 1),
(93, 104, 2, 1);

-- 
-- Dumping data for table keszlet_valtozas
--
INSERT INTO keszlet_valtozas(id, valtozas_tipusa, termek_id, mennyiseg, date) VALUES
(1, 'kiadás', 28, 5, '2024-03-27 00:00:00'),
(2, 'bevétel', 365, 5, '2024-12-05 00:00:00'),
(3, 'bevétel', 255, 4, '2024-11-05 00:00:00'),
(4, 'bevétel', 30, 9, '2024-02-26 00:00:00'),
(5, 'bevétel', 136, 8, '2024-05-03 00:00:00');

-- 
-- Dumping data for table fizetes_mod
--
INSERT INTO fizetes_mod(id, nev) VALUES
(1, 'Készpénz'),
(2, 'Bankkártya'),
(3, 'PayPal'),
(4, 'Átutalás'),
(5, 'Apple Pay'),
(6, 'Google Pay'),
(7, 'Bitcoin');

-- 
-- Dumping data for table felhasznalo
--
INSERT INTO felhasznalo(id, jogosultsag, jelszo, email, teljes_nev) VALUES
(20, 'admin', '6bd1baa1c9e845cc69e834d0613b3d60f75dcfc212d9f107f81691a81bf9edf6', 'molnarzsombor@gmail.com', 'Molnár Zsombor'),
(21, 'titkárnő', '832e028cfa1bf7d9caa26291d6d1d58bf34e4be3a555506d07098794cde21e0c', 'kisslinda@gmail.com', 'Kiss Linda');

-- 
-- Restore previous SQL mode
-- 
/*!40101 SET SQL_MODE=@OLD_SQL_MODE */;

-- 
-- Enable foreign keys
-- 
/*!40014 SET FOREIGN_KEY_CHECKS=@OLD_FOREIGN_KEY_CHECKS */;