--
-- Script was generated by Devart dbForge Studio for MySQL, Version 10.1.24.0
-- Product home page: https://www.devart.com/dbforge/mysql/studio
-- Script date 2/2/2025 12:58:51 PM
-- Server version: 8.0.40
--

--
-- Disable foreign keys
--
/*!40014 SET @OLD_FOREIGN_KEY_CHECKS=@@FOREIGN_KEY_CHECKS, FOREIGN_KEY_CHECKS=0 */;

--
-- Set SQL mode
--
/*!40101 SET @OLD_SQL_MODE=@@SQL_MODE, SQL_MODE='NO_AUTO_VALUE_ON_ZERO' */;

--
-- Set character set the client will use to send SQL statements to the server
--
SET NAMES 'utf8';

--
-- Set default database
--
USE webaruhaz2;

--
-- Drop table `keszlet_valtozas`
--
DROP TABLE IF EXISTS keszlet_valtozas;

--
-- Drop table `rendeles_termek`
--
DROP TABLE IF EXISTS rendeles_termek;

--
-- Drop view `termekview`
--
DROP VIEW IF EXISTS termekview CASCADE;

--
-- Drop table `termek`
--
DROP TABLE IF EXISTS termek;

--
-- Drop table `meretek`
--
DROP TABLE IF EXISTS meretek;

--
-- Drop table `szinek`
--
DROP TABLE IF EXISTS szinek;

--
-- Drop table `markak`
--
DROP TABLE IF EXISTS markak;

--
-- Drop view `v_rendelesek`
--
DROP VIEW IF EXISTS v_rendelesek CASCADE;

--
-- Drop table `rendeles`
--
DROP TABLE IF EXISTS rendeles;

--
-- Drop table `szamla`
--
DROP TABLE IF EXISTS szamla;

--
-- Drop table `fizetes_mod`
--
DROP TABLE IF EXISTS fizetes_mod;

--
-- Drop table `vasarlok`
--
DROP TABLE IF EXISTS vasarlok;

--
-- Drop table `lakcim`
--
DROP TABLE IF EXISTS lakcim;

--
-- Drop table `varosok`
--
DROP TABLE IF EXISTS varosok;

--
-- Set default database
--
USE webaruhaz2;

--
-- Create table `varosok`
--
CREATE TABLE varosok (
  iranyitoszam int NOT NULL,
  varos varchar(255) DEFAULT NULL,
  PRIMARY KEY (iranyitoszam)
)
ENGINE = INNODB,
CHARACTER SET utf8mb4,
COLLATE utf8mb4_hungarian_ci,
ROW_FORMAT = DYNAMIC;

--
-- Create table `lakcim`
--
CREATE TABLE lakcim (
  id int NOT NULL AUTO_INCREMENT,
  varos_id int DEFAULT NULL,
  utca varchar(255) DEFAULT NULL,
  hazszam varchar(255) DEFAULT NULL,
  PRIMARY KEY (id)
)
ENGINE = INNODB,
AUTO_INCREMENT = 6,
CHARACTER SET utf8mb4,
COLLATE utf8mb4_hungarian_ci,
ROW_FORMAT = DYNAMIC;

--
-- Create foreign key
--
ALTER TABLE lakcim
ADD CONSTRAINT FK_lakcim_varos_id FOREIGN KEY (varos_id)
REFERENCES varosok (iranyitoszam);

--
-- Create table `vasarlok`
--
CREATE TABLE vasarlok (
  id int NOT NULL AUTO_INCREMENT,
  keresztnev varchar(255) DEFAULT NULL,
  csaladnev varchar(255) DEFAULT NULL,
  email varchar(50) DEFAULT NULL,
  telefonszam varchar(255) DEFAULT NULL,
  lakcim_id int DEFAULT NULL,
  PRIMARY KEY (id)
)
ENGINE = INNODB,
AUTO_INCREMENT = 11,
CHARACTER SET utf8mb4,
COLLATE utf8mb4_hungarian_ci,
ROW_FORMAT = DYNAMIC;

--
-- Create foreign key
--
ALTER TABLE vasarlok
ADD CONSTRAINT FK_vasarlok_lakcim_id FOREIGN KEY (lakcim_id)
REFERENCES lakcim (id);

--
-- Create table `fizetes_mod`
--
CREATE TABLE fizetes_mod (
  id int NOT NULL AUTO_INCREMENT,
  nev varchar(255) DEFAULT NULL,
  PRIMARY KEY (id)
)
ENGINE = INNODB,
AUTO_INCREMENT = 8,
CHARACTER SET utf8mb4,
COLLATE utf8mb4_hungarian_ci,
ROW_FORMAT = DYNAMIC;

--
-- Create table `szamla`
--
CREATE TABLE szamla (
  id int NOT NULL AUTO_INCREMENT,
  netto_osszeg float DEFAULT NULL,
  afa float DEFAULT NULL,
  date datetime DEFAULT NULL,
  szamla_sorszam varchar(255) DEFAULT NULL,
  fizetes_mod_id int DEFAULT NULL,
  PRIMARY KEY (id)
)
ENGINE = INNODB,
AUTO_INCREMENT = 8,
CHARACTER SET utf8mb4,
COLLATE utf8mb4_hungarian_ci,
ROW_FORMAT = DYNAMIC;

--
-- Create foreign key
--
ALTER TABLE szamla
ADD CONSTRAINT FK_szamla_fizetes_mod_id FOREIGN KEY (fizetes_mod_id)
REFERENCES fizetes_mod (id);

--
-- Create table `rendeles`
--
CREATE TABLE rendeles (
  id int NOT NULL AUTO_INCREMENT,
  vasarlo_id int DEFAULT NULL,
  date varchar(255) DEFAULT NULL,
  reszletek varchar(255) DEFAULT NULL,
  szamla_id int DEFAULT NULL,
  PRIMARY KEY (id)
)
ENGINE = INNODB,
AUTO_INCREMENT = 6,
CHARACTER SET utf8mb4,
COLLATE utf8mb4_hungarian_ci,
ROW_FORMAT = DYNAMIC;

--
-- Create foreign key
--
ALTER TABLE rendeles
ADD CONSTRAINT FK_rendeles_szamla_id FOREIGN KEY (szamla_id)
REFERENCES szamla (id);

--
-- Create foreign key
--
ALTER TABLE rendeles
ADD CONSTRAINT FK_rendeles_vasarlo_id FOREIGN KEY (vasarlo_id)
REFERENCES vasarlok (id);

--
-- Create view `v_rendelesek`
--
CREATE
DEFINER = 'root'@'localhost'
VIEW v_rendelesek
AS
SELECT
  `r`.`id` AS `id`,
  `r`.`vasarlo_id` AS `vasarlo_id`,
  `r`.`date` AS `date`,
  `r`.`reszletek` AS `reszletek`,
  `r`.`szamla_id` AS `szamla_id`,
  `v`.`keresztnev` AS `keresztnev`,
  `v`.`csaladnev` AS `csaladnev`,
  `v`.`email` AS `email`,
  `v`.`telefonszam` AS `telefonszam`
FROM (`rendeles` `r`
  JOIN `vasarlok` `v`
    ON ((`r`.`vasarlo_id` = `v`.`id`)));

--
-- Create table `markak`
--
CREATE TABLE markak (
  id int NOT NULL AUTO_INCREMENT,
  nev varchar(255) DEFAULT NULL,
  PRIMARY KEY (id)
)
ENGINE = INNODB,
AUTO_INCREMENT = 10,
AVG_ROW_LENGTH = 1820,
CHARACTER SET utf8mb4,
COLLATE utf8mb4_hungarian_ci,
ROW_FORMAT = DYNAMIC;

--
-- Create table `szinek`
--
CREATE TABLE szinek (
  id int NOT NULL AUTO_INCREMENT,
  szin varchar(255) DEFAULT NULL,
  PRIMARY KEY (id)
)
ENGINE = INNODB,
AUTO_INCREMENT = 11,
CHARACTER SET utf8mb4,
COLLATE utf8mb4_hungarian_ci,
ROW_FORMAT = DYNAMIC;

--
-- Create table `meretek`
--
CREATE TABLE meretek (
  id int NOT NULL AUTO_INCREMENT,
  meret varchar(255) DEFAULT NULL,
  PRIMARY KEY (id)
)
ENGINE = INNODB,
AUTO_INCREMENT = 7,
AVG_ROW_LENGTH = 2730,
CHARACTER SET utf8mb4,
COLLATE utf8mb4_hungarian_ci,
ROW_FORMAT = DYNAMIC;

--
-- Create table `termek`
--
CREATE TABLE termek (
  id int NOT NULL AUTO_INCREMENT,
  nev varchar(255) DEFAULT NULL,
  ar varchar(255) DEFAULT NULL,
  szin_id int DEFAULT NULL,
  meret_id int DEFAULT NULL,
  marka_id int DEFAULT NULL,
  keszlet int DEFAULT NULL,
  PRIMARY KEY (id)
)
ENGINE = INNODB,
AUTO_INCREMENT = 512,
CHARACTER SET utf8mb4,
COLLATE utf8mb4_hungarian_ci,
ROW_FORMAT = DYNAMIC;

--
-- Create foreign key
--
ALTER TABLE termek
ADD CONSTRAINT FK_termek_marka_id FOREIGN KEY (marka_id)
REFERENCES markak (id);

--
-- Create foreign key
--
ALTER TABLE termek
ADD CONSTRAINT FK_termek_meret_id FOREIGN KEY (meret_id)
REFERENCES meretek (id);

--
-- Create foreign key
--
ALTER TABLE termek
ADD CONSTRAINT FK_termek_szin_id FOREIGN KEY (szin_id)
REFERENCES szinek (id);

--
-- Create view `termekview`
--
CREATE
DEFINER = 'root'@'localhost'
VIEW termekview
AS
SELECT
  `t`.`id` AS `TermekID`,
  `t`.`ar` AS `TermekAr`,
  `m`.`meret` AS `Meret`,
  `s`.`szin` AS `Szín`,
  `mk`.`nev` AS `Marka`,
  `t`.`keszlet` AS `Készlet`
FROM (((`termek` `t`
  JOIN `meretek` `m`
    ON ((`t`.`meret_id` = `m`.`id`)))
  JOIN `szinek` `s`
    ON ((`t`.`szin_id` = `s`.`id`)))
  JOIN `markak` `mk`
    ON ((`t`.`marka_id` = `mk`.`id`)));

--
-- Create table `rendeles_termek`
--
CREATE TABLE rendeles_termek (
  id int NOT NULL AUTO_INCREMENT,
  rendeles_id int DEFAULT NULL,
  termek_id int DEFAULT NULL,
  mennyiseg int DEFAULT NULL,
  PRIMARY KEY (id)
)
ENGINE = INNODB,
AUTO_INCREMENT = 8,
CHARACTER SET utf8mb4,
COLLATE utf8mb4_hungarian_ci,
ROW_FORMAT = DYNAMIC;

--
-- Create foreign key
--
ALTER TABLE rendeles_termek
ADD CONSTRAINT FK_rendeles_termek_rendeles_id FOREIGN KEY (rendeles_id)
REFERENCES rendeles (id);

--
-- Create foreign key
--
ALTER TABLE rendeles_termek
ADD CONSTRAINT FK_rendeles_termek_termek_id FOREIGN KEY (termek_id)
REFERENCES termek (id);

--
-- Create table `keszlet_valtozas`
--
CREATE TABLE keszlet_valtozas (
  id int NOT NULL AUTO_INCREMENT,
  valtozas_tipusa varchar(255) DEFAULT NULL,
  termek_id int DEFAULT NULL,
  mennyiseg int DEFAULT NULL,
  date datetime DEFAULT NULL,
  PRIMARY KEY (id)
)
ENGINE = INNODB,
AUTO_INCREMENT = 8,
CHARACTER SET utf8mb4,
COLLATE utf8mb4_hungarian_ci,
ROW_FORMAT = DYNAMIC;

--
-- Create foreign key
--
ALTER TABLE keszlet_valtozas
ADD CONSTRAINT FK_keszlet_valtozas_termek_id FOREIGN KEY (termek_id)
REFERENCES termek (id);

-- 
-- Dumping data for table varosok
--
INSERT INTO varosok VALUES
(1011, 'Budapest'),
(2030, 'Érd'),
(2120, 'Dunakeszi'),
(2310, 'Szigetszentmiklós'),
(2400, 'Dunaújváros'),
(2500, 'Esztergom'),
(2600, 'Vác'),
(2700, 'Cegléd'),
(2800, 'Tatabánya'),
(3100, 'Salgótarján'),
(3200, 'Gyöngyös'),
(3300, 'Eger'),
(3525, 'Miskolc'),
(3600, 'Ózd'),
(4024, 'Debrecen'),
(4400, 'Nyíregyháza'),
(5600, 'Békéscsaba'),
(6000, 'Kecskemét'),
(6500, 'Baja'),
(6720, 'Szeged'),
(6800, 'Hódmezővásárhely'),
(7100, 'Szekszárd'),
(7621, 'Pécs'),
(8000, 'Székesfehérvár'),
(8200, 'Veszprém'),
(8800, 'Nagykanizsa'),
(8900, 'Zalaegerszeg'),
(9021, 'Győr'),
(9400, 'Sopron'),
(9700, 'Szombathely');

-- 
-- Dumping data for table lakcim
--
INSERT INTO lakcim VALUES
(1, 1011, 'Fő utca', '12/A'),
(2, 4024, 'Kossuth tér', '5'),
(3, 7621, 'Rákóczi út', '43'),
(4, 9021, 'Baross Gábor út', '8'),
(5, 6000, 'Petőfi Sándor utca', '22');

-- 
-- Dumping data for table fizetes_mod
--
INSERT INTO fizetes_mod VALUES
(1, 'Készpénz'),
(2, 'Bankkártya'),
(3, 'PayPal'),
(4, 'Átutalás'),
(5, 'Apple Pay'),
(6, 'Google Pay'),
(7, 'Bitcoin');

-- 
-- Dumping data for table vasarlok
--
INSERT INTO vasarlok VALUES
(1, 'Bence', 'Kovács', 'bence.kovacs@example.com', '+36 30 123 4567', 3),
(2, 'Anna', 'Szabó', 'anna.szabo@example.com', '+36 20 234 5678', 3),
(3, 'Gábor', 'Tóth', 'gabor.toth@example.com', '+36 70 345 6789', 2),
(4, 'Éva', 'Nagy', 'eva.nagy@example.com', '+36 30 456 7890', 3),
(5, 'Dávid', 'Horváth', 'david.horvath@example.com', '+36 20 567 8901', 3),
(6, 'Gábor', 'Tóth', 'gabor.toth@example.com', '+36 70 345 6789', 4),
(7, 'Anna', 'Szabó', 'anna.szabo@example.com', '+36 20 234 5678', 1),
(8, 'Dávid', 'Horváth', 'david.horvath@example.com', '+36 20 567 8901', 3),
(9, 'Éva', 'Nagy', 'eva.nagy@example.com', '+36 30 456 7890', 5),
(10, 'Bence', 'Kovács', 'bence.kovacs@example.com', '+36 30 123 4567', 2);

-- 
-- Dumping data for table szamla
--
INSERT INTO szamla VALUES
(1, 16388, 4424.76, '2025-01-25 00:00:00', 'SZ-224841', 1),
(2, 36263, 9791.01, '2024-07-01 00:00:00', 'SZ-805297', 2),
(3, 37152, 10031, '2024-04-10 00:00:00', 'SZ-353080', 3),
(4, 26970, 7281.9, '2024-08-09 00:00:00', 'SZ-503428', 1),
(5, 18394, 4966.38, '2024-04-23 00:00:00', 'SZ-741139', 3);

-- 
-- Dumping data for table szinek
--
INSERT INTO szinek VALUES
(1, 'Piros'),
(2, 'Kék'),
(3, 'Zöld'),
(4, 'Sárga'),
(5, 'Fekete'),
(6, 'Fehér'),
(7, 'Lila'),
(8, 'Narancssárga'),
(9, 'Barna'),
(10, 'Szürke');

-- 
-- Dumping data for table meretek
--
INSERT INTO meretek VALUES
(1, 'XS'),
(2, 'S'),
(3, 'M'),
(4, 'L'),
(5, 'XL'),
(6, 'XXL');

-- 
-- Dumping data for table markak
--
INSERT INTO markak VALUES
(1, 'Adidas'),
(2, 'Nike'),
(3, 'Levis'),
(4, 'Underarmour'),
(5, 'Gucci'),
(6, 'Armani'),
(7, 'Reebok'),
(8, 'Versace'),
(9, 'Zara');

-- 
-- Dumping data for table rendeles
--
INSERT INTO rendeles VALUES
(1, 1, '2024-02-16', 'Ez egy automatikusan generált rendelési bejegyzés.', 3),
(2, 1, '2024-06-18', 'Ez egy automatikusan generált rendelési bejegyzés.', 5),
(3, 3, '2024-10-18', 'Ez egy automatikusan generált rendelési bejegyzés.', 4),
(4, 3, '2024-07-30', 'Ez egy automatikusan generált rendelési bejegyzés.', 1),
(5, 4, '2024-11-10', 'Ez egy automatikusan generált rendelési bejegyzés.', 1);

-- 
-- Dumping data for table termek
--
INSERT INTO termek VALUES
(1, 'Kiváló minőségű, kényelmes pamut póló, amely tökéletes mindennapi viseletre.', '10828', 9, 3, 7, 18),
(2, 'Kiváló minőségű, kényelmes pamut póló, amely tökéletes mindennapi viseletre.', '16899', 3, 1, 4, 77),
(3, 'Kiváló minőségű, kényelmes pamut póló, amely tökéletes mindennapi viseletre.', '16109', 3, 6, 2, 1),
(4, 'Kiváló minőségű, kényelmes pamut póló, amely tökéletes mindennapi viseletre.', '14083', 7, 5, 5, 63),
(5, 'Kiváló minőségű, kényelmes pamut póló, amely tökéletes mindennapi viseletre.', '13139', 5, 1, 6, 79),
(6, 'Kiváló minőségű, kényelmes pamut póló, amely tökéletes mindennapi viseletre.', '10101', 9, 4, 1, 66),
(7, 'Kiváló minőségű, kényelmes pamut póló, amely tökéletes mindennapi viseletre.', '8992', 9, 4, 3, 2),
(8, 'Kiváló minőségű, kényelmes pamut póló, amely tökéletes mindennapi viseletre.', '8427', 5, 1, 1, 74),
(9, 'Kiváló minőségű, kényelmes pamut póló, amely tökéletes mindennapi viseletre.', '15823', 2, 6, 8, 61),
(10, 'Kiváló minőségű, kényelmes pamut póló, amely tökéletes mindennapi viseletre.', '13486', 7, 5, 2, 29),
(11, 'Kiváló minőségű, kényelmes pamut póló, amely tökéletes mindennapi viseletre.', '19809', 1, 2, 4, 7),
(12, 'Kiváló minőségű, kényelmes pamut póló, amely tökéletes mindennapi viseletre.', '9063', 6, 3, 3, 9),
(13, 'Kiváló minőségű, kényelmes pamut póló, amely tökéletes mindennapi viseletre.', '16371', 4, 3, 9, 74),
(14, 'Kiváló minőségű, kényelmes pamut póló, amely tökéletes mindennapi viseletre.', '17031', 7, 6, 5, 69),
(15, 'Kiváló minőségű, kényelmes pamut póló, amely tökéletes mindennapi viseletre.', '7732', 3, 6, 8, 65),
(16, 'Kiváló minőségű, kényelmes pamut póló, amely tökéletes mindennapi viseletre.', '15166', 2, 1, 8, 9),
(17, 'Kiváló minőségű, kényelmes pamut póló, amely tökéletes mindennapi viseletre.', '17804', 9, 6, 1, 25),
(18, 'Kiváló minőségű, kényelmes pamut póló, amely tökéletes mindennapi viseletre.', '10236', 5, 4, 7, 68),
(19, 'Kiváló minőségű, kényelmes pamut póló, amely tökéletes mindennapi viseletre.', '10500', 4, 5, 6, 90),
(20, 'Kiváló minőségű, kényelmes pamut póló, amely tökéletes mindennapi viseletre.', '15594', 7, 2, 9, 31),
(21, 'Kiváló minőségű, kényelmes pamut póló, amely tökéletes mindennapi viseletre.', '15774', 5, 1, 4, 40),
(22, 'Kiváló minőségű, kényelmes pamut póló, amely tökéletes mindennapi viseletre.', '19344', 6, 5, 4, 79),
(23, 'Kiváló minőségű, kényelmes pamut póló, amely tökéletes mindennapi viseletre.', '15091', 8, 6, 9, 46),
(24, 'Kiváló minőségű, kényelmes pamut póló, amely tökéletes mindennapi viseletre.', '10728', 1, 3, 2, 24),
(25, 'Kiváló minőségű, kényelmes pamut póló, amely tökéletes mindennapi viseletre.', '17779', 5, 4, 8, 15),
(26, 'Kiváló minőségű, kényelmes pamut póló, amely tökéletes mindennapi viseletre.', '11840', 5, 6, 3, 72),
(27, 'Kiváló minőségű, kényelmes pamut póló, amely tökéletes mindennapi viseletre.', '16364', 5, 1, 4, 44),
(28, 'Kiváló minőségű, kényelmes pamut póló, amely tökéletes mindennapi viseletre.', '8067', 1, 1, 4, 67),
(29, 'Kiváló minőségű, kényelmes pamut póló, amely tökéletes mindennapi viseletre.', '8400', 6, 3, 2, 90),
(30, 'Kiváló minőségű, kényelmes pamut póló, amely tökéletes mindennapi viseletre.', '18808', 9, 3, 9, 7),
(31, 'Kiváló minőségű, kényelmes pamut póló, amely tökéletes mindennapi viseletre.', '15257', 10, 6, 7, 65),
(32, 'Kiváló minőségű, kényelmes pamut póló, amely tökéletes mindennapi viseletre.', '9906', 2, 1, 2, 61),
(33, 'Kiváló minőségű, kényelmes pamut póló, amely tökéletes mindennapi viseletre.', '12581', 4, 2, 6, 17),
(34, 'Kiváló minőségű, kényelmes pamut póló, amely tökéletes mindennapi viseletre.', '19994', 5, 3, 4, 83),
(35, 'Kiváló minőségű, kényelmes pamut póló, amely tökéletes mindennapi viseletre.', '19848', 5, 3, 4, 81),
(36, 'Kiváló minőségű, kényelmes pamut póló, amely tökéletes mindennapi viseletre.', '19153', 3, 3, 3, 12),
(37, 'Kiváló minőségű, kényelmes pamut póló, amely tökéletes mindennapi viseletre.', '17682', 8, 2, 1, 38),
(38, 'Kiváló minőségű, kényelmes pamut póló, amely tökéletes mindennapi viseletre.', '17906', 1, 5, 3, 56),
(39, 'Kiváló minőségű, kényelmes pamut póló, amely tökéletes mindennapi viseletre.', '17678', 5, 5, 1, 39),
(40, 'Kiváló minőségű, kényelmes pamut póló, amely tökéletes mindennapi viseletre.', '16351', 5, 6, 4, 10),
(41, 'Kiváló minőségű, kényelmes pamut póló, amely tökéletes mindennapi viseletre.', '12167', 7, 2, 8, 59),
(42, 'Kiváló minőségű, kényelmes pamut póló, amely tökéletes mindennapi viseletre.', '13602', 8, 2, 2, 78),
(43, 'Kiváló minőségű, kényelmes pamut póló, amely tökéletes mindennapi viseletre.', '13661', 3, 4, 4, 12),
(44, 'Kiváló minőségű, kényelmes pamut póló, amely tökéletes mindennapi viseletre.', '12827', 9, 6, 2, 4),
(45, 'Kiváló minőségű, kényelmes pamut póló, amely tökéletes mindennapi viseletre.', '15814', 3, 2, 5, 97),
(46, 'Kiváló minőségű, kényelmes pamut póló, amely tökéletes mindennapi viseletre.', '9105', 10, 1, 7, 48),
(47, 'Kiváló minőségű, kényelmes pamut póló, amely tökéletes mindennapi viseletre.', '8579', 2, 3, 9, 36),
(48, 'Kiváló minőségű, kényelmes pamut póló, amely tökéletes mindennapi viseletre.', '18602', 4, 2, 9, 16),
(49, 'Kiváló minőségű, kényelmes pamut póló, amely tökéletes mindennapi viseletre.', '19197', 2, 1, 1, 7),
(50, 'Kiváló minőségű, kényelmes pamut póló, amely tökéletes mindennapi viseletre.', '7878', 2, 3, 8, 84),
(51, 'Kiváló minőségű, kényelmes pamut póló, amely tökéletes mindennapi viseletre.', '15928', 10, 4, 9, 9),
(52, 'Kiváló minőségű, kényelmes pamut póló, amely tökéletes mindennapi viseletre.', '15263', 9, 4, 3, 48),
(53, 'Kiváló minőségű, kényelmes pamut póló, amely tökéletes mindennapi viseletre.', '15689', 9, 3, 5, 42),
(54, 'Kiváló minőségű, kényelmes pamut póló, amely tökéletes mindennapi viseletre.', '12777', 10, 3, 6, 35),
(55, 'Kiváló minőségű, kényelmes pamut póló, amely tökéletes mindennapi viseletre.', '7847', 3, 1, 9, 17),
(56, 'Kiváló minőségű, kényelmes pamut póló, amely tökéletes mindennapi viseletre.', '8510', 1, 6, 4, 12),
(57, 'Kiváló minőségű, kényelmes pamut póló, amely tökéletes mindennapi viseletre.', '13515', 2, 2, 7, 84),
(58, 'Kiváló minőségű, kényelmes pamut póló, amely tökéletes mindennapi viseletre.', '7838', 9, 6, 9, 26),
(59, 'Kiváló minőségű, kényelmes pamut póló, amely tökéletes mindennapi viseletre.', '11919', 1, 2, 3, 70),
(60, 'Kiváló minőségű, kényelmes pamut póló, amely tökéletes mindennapi viseletre.', '13215', 4, 1, 6, 59),
(61, 'Kiváló minőségű, kényelmes pamut póló, amely tökéletes mindennapi viseletre.', '9977', 4, 1, 6, 72),
(62, 'Kiváló minőségű, kényelmes pamut póló, amely tökéletes mindennapi viseletre.', '16134', 4, 4, 3, 29),
(63, 'Kiváló minőségű, kényelmes pamut póló, amely tökéletes mindennapi viseletre.', '16136', 7, 1, 3, 35),
(64, 'Kiváló minőségű, kényelmes pamut póló, amely tökéletes mindennapi viseletre.', '18258', 3, 6, 3, 13),
(65, 'Kiváló minőségű, kényelmes pamut póló, amely tökéletes mindennapi viseletre.', '15813', 10, 6, 6, 27),
(66, 'Kiváló minőségű, kényelmes pamut póló, amely tökéletes mindennapi viseletre.', '13929', 9, 5, 9, 67),
(67, 'Kiváló minőségű, kényelmes pamut póló, amely tökéletes mindennapi viseletre.', '12785', 3, 6, 5, 87),
(68, 'Kiváló minőségű, kényelmes pamut póló, amely tökéletes mindennapi viseletre.', '19023', 1, 2, 4, 26),
(69, 'Kiváló minőségű, kényelmes pamut póló, amely tökéletes mindennapi viseletre.', '7091', 3, 2, 6, 30),
(70, 'Kiváló minőségű, kényelmes pamut póló, amely tökéletes mindennapi viseletre.', '15169', 3, 2, 6, 43),
(71, 'Kiváló minőségű, kényelmes pamut póló, amely tökéletes mindennapi viseletre.', '9567', 8, 6, 6, 8),
(72, 'Kiváló minőségű, kényelmes pamut póló, amely tökéletes mindennapi viseletre.', '15560', 1, 2, 3, 65),
(73, 'Kiváló minőségű, kényelmes pamut póló, amely tökéletes mindennapi viseletre.', '11222', 7, 3, 1, 4),
(74, 'Kiváló minőségű, kényelmes pamut póló, amely tökéletes mindennapi viseletre.', '7505', 1, 2, 8, 35),
(75, 'Kiváló minőségű, kényelmes pamut póló, amely tökéletes mindennapi viseletre.', '12090', 10, 3, 1, 26),
(76, 'Kiváló minőségű, kényelmes pamut póló, amely tökéletes mindennapi viseletre.', '8401', 8, 3, 9, 57),
(77, 'Kiváló minőségű, kényelmes pamut póló, amely tökéletes mindennapi viseletre.', '18701', 8, 2, 8, 63),
(78, 'Kiváló minőségű, kényelmes pamut póló, amely tökéletes mindennapi viseletre.', '13461', 7, 4, 1, 51),
(79, 'Kiváló minőségű, kényelmes pamut póló, amely tökéletes mindennapi viseletre.', '12050', 5, 6, 5, 55),
(80, 'Kiváló minőségű, kényelmes pamut póló, amely tökéletes mindennapi viseletre.', '11090', 10, 4, 5, 65),
(81, 'Kiváló minőségű, kényelmes pamut póló, amely tökéletes mindennapi viseletre.', '15480', 4, 5, 5, 22),
(82, 'Kiváló minőségű, kényelmes pamut póló, amely tökéletes mindennapi viseletre.', '16498', 10, 5, 8, 95),
(83, 'Kiváló minőségű, kényelmes pamut póló, amely tökéletes mindennapi viseletre.', '9457', 2, 6, 5, 56),
(84, 'Kiváló minőségű, kényelmes pamut póló, amely tökéletes mindennapi viseletre.', '11270', 10, 6, 3, 10),
(85, 'Kiváló minőségű, kényelmes pamut póló, amely tökéletes mindennapi viseletre.', '14152', 5, 3, 2, 46),
(86, 'Kiváló minőségű, kényelmes pamut póló, amely tökéletes mindennapi viseletre.', '16600', 4, 2, 7, 54),
(87, 'Kiváló minőségű, kényelmes pamut póló, amely tökéletes mindennapi viseletre.', '14646', 4, 6, 3, 79),
(88, 'Kiváló minőségű, kényelmes pamut póló, amely tökéletes mindennapi viseletre.', '8831', 4, 2, 4, 23),
(89, 'Kiváló minőségű, kényelmes pamut póló, amely tökéletes mindennapi viseletre.', '18687', 8, 2, 1, 65),
(90, 'Kiváló minőségű, kényelmes pamut póló, amely tökéletes mindennapi viseletre.', '18572', 6, 6, 1, 55),
(91, 'Kiváló minőségű, kényelmes pamut póló, amely tökéletes mindennapi viseletre.', '14131', 1, 6, 9, 11),
(92, 'Kiváló minőségű, kényelmes pamut póló, amely tökéletes mindennapi viseletre.', '17268', 7, 4, 4, 98),
(93, 'Kiváló minőségű, kényelmes pamut póló, amely tökéletes mindennapi viseletre.', '16492', 8, 3, 3, 77),
(94, 'Kiváló minőségű, kényelmes pamut póló, amely tökéletes mindennapi viseletre.', '7985', 1, 2, 8, 34),
(95, 'Kiváló minőségű, kényelmes pamut póló, amely tökéletes mindennapi viseletre.', '11423', 7, 2, 5, 59),
(96, 'Kiváló minőségű, kényelmes pamut póló, amely tökéletes mindennapi viseletre.', '13182', 6, 4, 1, 36),
(97, 'Kiváló minőségű, kényelmes pamut póló, amely tökéletes mindennapi viseletre.', '17352', 9, 1, 6, 75),
(98, 'Kiváló minőségű, kényelmes pamut póló, amely tökéletes mindennapi viseletre.', '7040', 8, 6, 9, 19),
(99, 'Kiváló minőségű, kényelmes pamut póló, amely tökéletes mindennapi viseletre.', '8611', 1, 5, 8, 93),
(100, 'Kiváló minőségű, kényelmes pamut póló, amely tökéletes mindennapi viseletre.', '7740', 6, 3, 2, 89),
(101, 'Kiváló minőségű, kényelmes pamut póló, amely tökéletes mindennapi viseletre.', '18880', 9, 5, 1, 84),
(102, 'Kiváló minőségű, kényelmes pamut póló, amely tökéletes mindennapi viseletre.', '9192', 4, 1, 5, 23),
(103, 'Kiváló minőségű, kényelmes pamut póló, amely tökéletes mindennapi viseletre.', '15482', 6, 6, 7, 92),
(104, 'Kiváló minőségű, kényelmes pamut póló, amely tökéletes mindennapi viseletre.', '12445', 4, 4, 6, 65),
(105, 'Kiváló minőségű, kényelmes pamut póló, amely tökéletes mindennapi viseletre.', '10348', 4, 6, 8, 12),
(106, 'Kiváló minőségű, kényelmes pamut póló, amely tökéletes mindennapi viseletre.', '9603', 7, 4, 8, 45),
(107, 'Kiváló minőségű, kényelmes pamut póló, amely tökéletes mindennapi viseletre.', '17660', 8, 2, 1, 40),
(108, 'Kiváló minőségű, kényelmes pamut póló, amely tökéletes mindennapi viseletre.', '18696', 4, 5, 2, 49),
(109, 'Kiváló minőségű, kényelmes pamut póló, amely tökéletes mindennapi viseletre.', '18435', 10, 1, 2, 10),
(110, 'Kiváló minőségű, kényelmes pamut póló, amely tökéletes mindennapi viseletre.', '18227', 1, 3, 1, 5),
(111, 'Kiváló minőségű, kényelmes pamut póló, amely tökéletes mindennapi viseletre.', '8178', 3, 2, 2, 5),
(112, 'Kiváló minőségű, kényelmes pamut póló, amely tökéletes mindennapi viseletre.', '18162', 2, 1, 2, 60),
(113, 'Kiváló minőségű, kényelmes pamut póló, amely tökéletes mindennapi viseletre.', '12611', 4, 3, 3, 76),
(114, 'Kiváló minőségű, kényelmes pamut póló, amely tökéletes mindennapi viseletre.', '8324', 3, 6, 8, 59),
(115, 'Kiváló minőségű, kényelmes pamut póló, amely tökéletes mindennapi viseletre.', '11383', 10, 4, 1, 77),
(116, 'Kiváló minőségű, kényelmes pamut póló, amely tökéletes mindennapi viseletre.', '14342', 6, 6, 8, 53),
(117, 'Kiváló minőségű, kényelmes pamut póló, amely tökéletes mindennapi viseletre.', '9292', 3, 6, 5, 88),
(118, 'Kiváló minőségű, kényelmes pamut póló, amely tökéletes mindennapi viseletre.', '18563', 9, 3, 7, 49),
(119, 'Kiváló minőségű, kényelmes pamut póló, amely tökéletes mindennapi viseletre.', '9009', 4, 1, 3, 33),
(120, 'Kiváló minőségű, kényelmes pamut póló, amely tökéletes mindennapi viseletre.', '17363', 10, 4, 7, 10),
(121, 'Kiváló minőségű, kényelmes pamut póló, amely tökéletes mindennapi viseletre.', '10768', 2, 5, 6, 53),
(122, 'Kiváló minőségű, kényelmes pamut póló, amely tökéletes mindennapi viseletre.', '18561', 9, 4, 6, 24),
(123, 'Kiváló minőségű, kényelmes pamut póló, amely tökéletes mindennapi viseletre.', '11222', 9, 3, 6, 53),
(124, 'Kiváló minőségű, kényelmes pamut póló, amely tökéletes mindennapi viseletre.', '19080', 1, 4, 3, 15),
(125, 'Kiváló minőségű, kényelmes pamut póló, amely tökéletes mindennapi viseletre.', '16856', 4, 3, 2, 39),
(126, 'Kiváló minőségű, kényelmes pamut póló, amely tökéletes mindennapi viseletre.', '14026', 6, 1, 6, 73),
(127, 'Kiváló minőségű, kényelmes pamut póló, amely tökéletes mindennapi viseletre.', '19226', 6, 5, 4, 63),
(128, 'Kiváló minőségű, kényelmes pamut póló, amely tökéletes mindennapi viseletre.', '19153', 8, 1, 4, 29),
(129, 'Kiváló minőségű, kényelmes pamut póló, amely tökéletes mindennapi viseletre.', '12801', 4, 3, 8, 11),
(130, 'Kiváló minőségű, kényelmes pamut póló, amely tökéletes mindennapi viseletre.', '7393', 9, 6, 3, 61),
(131, 'Kiváló minőségű, kényelmes pamut póló, amely tökéletes mindennapi viseletre.', '9305', 1, 5, 8, 51),
(132, 'Kiváló minőségű, kényelmes pamut póló, amely tökéletes mindennapi viseletre.', '9632', 5, 6, 7, 16),
(133, 'Kiváló minőségű, kényelmes pamut póló, amely tökéletes mindennapi viseletre.', '15054', 6, 1, 8, 85),
(134, 'Kiváló minőségű, kényelmes pamut póló, amely tökéletes mindennapi viseletre.', '15990', 10, 4, 8, 83),
(135, 'Kiváló minőségű, kényelmes pamut póló, amely tökéletes mindennapi viseletre.', '13283', 10, 2, 4, 22),
(136, 'Kiváló minőségű, kényelmes pamut póló, amely tökéletes mindennapi viseletre.', '19123', 1, 2, 2, 90),
(137, 'Kiváló minőségű, kényelmes pamut póló, amely tökéletes mindennapi viseletre.', '8753', 10, 4, 7, 89),
(138, 'Kiváló minőségű, kényelmes pamut póló, amely tökéletes mindennapi viseletre.', '11525', 1, 3, 5, 43),
(139, 'Kiváló minőségű, kényelmes pamut póló, amely tökéletes mindennapi viseletre.', '15945', 2, 4, 7, 70),
(140, 'Kiváló minőségű, kényelmes pamut póló, amely tökéletes mindennapi viseletre.', '11686', 7, 3, 9, 47),
(141, 'Kiváló minőségű, kényelmes pamut póló, amely tökéletes mindennapi viseletre.', '14272', 4, 2, 8, 37),
(142, 'Kiváló minőségű, kényelmes pamut póló, amely tökéletes mindennapi viseletre.', '13455', 4, 3, 9, 24),
(143, 'Kiváló minőségű, kényelmes pamut póló, amely tökéletes mindennapi viseletre.', '13779', 9, 6, 7, 16),
(144, 'Kiváló minőségű, kényelmes pamut póló, amely tökéletes mindennapi viseletre.', '13900', 2, 2, 5, 94),
(145, 'Kiváló minőségű, kényelmes pamut póló, amely tökéletes mindennapi viseletre.', '9112', 1, 4, 7, 97),
(146, 'Kiváló minőségű, kényelmes pamut póló, amely tökéletes mindennapi viseletre.', '15823', 5, 3, 5, 22),
(147, 'Kiváló minőségű, kényelmes pamut póló, amely tökéletes mindennapi viseletre.', '15960', 8, 5, 7, 17),
(148, 'Kiváló minőségű, kényelmes pamut póló, amely tökéletes mindennapi viseletre.', '16350', 1, 2, 7, 90),
(149, 'Kiváló minőségű, kényelmes pamut póló, amely tökéletes mindennapi viseletre.', '12384', 4, 5, 4, 65),
(150, 'Kiváló minőségű, kényelmes pamut póló, amely tökéletes mindennapi viseletre.', '9329', 10, 2, 3, 92),
(151, 'Kiváló minőségű, kényelmes pamut póló, amely tökéletes mindennapi viseletre.', '15047', 4, 5, 1, 96),
(152, 'Kiváló minőségű, kényelmes pamut póló, amely tökéletes mindennapi viseletre.', '13905', 8, 3, 4, 7),
(153, 'Kiváló minőségű, kényelmes pamut póló, amely tökéletes mindennapi viseletre.', '7855', 2, 3, 5, 51),
(154, 'Kiváló minőségű, kényelmes pamut póló, amely tökéletes mindennapi viseletre.', '19393', 3, 3, 2, 74),
(155, 'Kiváló minőségű, kényelmes pamut póló, amely tökéletes mindennapi viseletre.', '8982', 6, 2, 8, 14),
(156, 'Kiváló minőségű, kényelmes pamut póló, amely tökéletes mindennapi viseletre.', '10785', 1, 2, 5, 35),
(157, 'Kiváló minőségű, kényelmes pamut póló, amely tökéletes mindennapi viseletre.', '12174', 10, 3, 4, 49),
(158, 'Kiváló minőségű, kényelmes pamut póló, amely tökéletes mindennapi viseletre.', '12026', 5, 2, 5, 80),
(159, 'Kiváló minőségű, kényelmes pamut póló, amely tökéletes mindennapi viseletre.', '14826', 7, 2, 5, 71),
(160, 'Kiváló minőségű, kényelmes pamut póló, amely tökéletes mindennapi viseletre.', '7400', 1, 1, 2, 74),
(161, 'Kiváló minőségű, kényelmes pamut póló, amely tökéletes mindennapi viseletre.', '9147', 7, 4, 7, 29),
(162, 'Kiváló minőségű, kényelmes pamut póló, amely tökéletes mindennapi viseletre.', '9105', 10, 2, 1, 78),
(163, 'Kiváló minőségű, kényelmes pamut póló, amely tökéletes mindennapi viseletre.', '16509', 4, 3, 9, 48),
(164, 'Kiváló minőségű, kényelmes pamut póló, amely tökéletes mindennapi viseletre.', '15174', 8, 5, 3, 32),
(165, 'Kiváló minőségű, kényelmes pamut póló, amely tökéletes mindennapi viseletre.', '17183', 10, 3, 2, 86),
(166, 'Kiváló minőségű, kényelmes pamut póló, amely tökéletes mindennapi viseletre.', '14915', 5, 4, 5, 63),
(167, 'Kiváló minőségű, kényelmes pamut póló, amely tökéletes mindennapi viseletre.', '16112', 7, 1, 3, 38),
(168, 'Kiváló minőségű, kényelmes pamut póló, amely tökéletes mindennapi viseletre.', '7123', 10, 3, 8, 40),
(169, 'Kiváló minőségű, kényelmes pamut póló, amely tökéletes mindennapi viseletre.', '15855', 2, 6, 1, 30),
(170, 'Kiváló minőségű, kényelmes pamut póló, amely tökéletes mindennapi viseletre.', '13221', 5, 6, 5, 59),
(171, 'Kiváló minőségű, kényelmes pamut póló, amely tökéletes mindennapi viseletre.', '12316', 3, 1, 8, 91),
(172, 'Kiváló minőségű, kényelmes pamut póló, amely tökéletes mindennapi viseletre.', '19293', 1, 2, 9, 26),
(173, 'Kiváló minőségű, kényelmes pamut póló, amely tökéletes mindennapi viseletre.', '12327', 3, 1, 4, 99),
(174, 'Kiváló minőségű, kényelmes pamut póló, amely tökéletes mindennapi viseletre.', '15448', 4, 4, 1, 43),
(175, 'Kiváló minőségű, kényelmes pamut póló, amely tökéletes mindennapi viseletre.', '7362', 9, 1, 2, 56),
(176, 'Kiváló minőségű, kényelmes pamut póló, amely tökéletes mindennapi viseletre.', '9621', 4, 1, 2, 61),
(177, 'Kiváló minőségű, kényelmes pamut póló, amely tökéletes mindennapi viseletre.', '15166', 4, 5, 6, 11),
(178, 'Kiváló minőségű, kényelmes pamut póló, amely tökéletes mindennapi viseletre.', '14961', 8, 5, 4, 99),
(179, 'Kiváló minőségű, kényelmes pamut póló, amely tökéletes mindennapi viseletre.', '15315', 3, 3, 9, 93),
(180, 'Kiváló minőségű, kényelmes pamut póló, amely tökéletes mindennapi viseletre.', '15185', 4, 1, 8, 38),
(181, 'Kiváló minőségű, kényelmes pamut póló, amely tökéletes mindennapi viseletre.', '10512', 3, 2, 5, 3),
(182, 'Kiváló minőségű, kényelmes pamut póló, amely tökéletes mindennapi viseletre.', '13730', 5, 6, 1, 65),
(183, 'Kiváló minőségű, kényelmes pamut póló, amely tökéletes mindennapi viseletre.', '7389', 2, 6, 8, 34),
(184, 'Kiváló minőségű, kényelmes pamut póló, amely tökéletes mindennapi viseletre.', '11383', 7, 2, 4, 4),
(185, 'Kiváló minőségű, kényelmes pamut póló, amely tökéletes mindennapi viseletre.', '8664', 5, 1, 1, 79),
(186, 'Kiváló minőségű, kényelmes pamut póló, amely tökéletes mindennapi viseletre.', '18250', 10, 2, 5, 57),
(187, 'Kiváló minőségű, kényelmes pamut póló, amely tökéletes mindennapi viseletre.', '12389', 4, 4, 5, 16),
(188, 'Kiváló minőségű, kényelmes pamut póló, amely tökéletes mindennapi viseletre.', '9553', 5, 5, 6, 78),
(189, 'Kiváló minőségű, kényelmes pamut póló, amely tökéletes mindennapi viseletre.', '19190', 4, 1, 9, 65),
(190, 'Kiváló minőségű, kényelmes pamut póló, amely tökéletes mindennapi viseletre.', '12925', 4, 2, 4, 90),
(191, 'Kiváló minőségű, kényelmes pamut póló, amely tökéletes mindennapi viseletre.', '13126', 7, 6, 6, 22),
(192, 'Kiváló minőségű, kényelmes pamut póló, amely tökéletes mindennapi viseletre.', '10967', 9, 3, 6, 70),
(193, 'Kiváló minőségű, kényelmes pamut póló, amely tökéletes mindennapi viseletre.', '15699', 3, 2, 5, 90),
(194, 'Kiváló minőségű, kényelmes pamut póló, amely tökéletes mindennapi viseletre.', '18578', 8, 1, 3, 98),
(195, 'Kiváló minőségű, kényelmes pamut póló, amely tökéletes mindennapi viseletre.', '8474', 7, 5, 3, 73),
(196, 'Kiváló minőségű, kényelmes pamut póló, amely tökéletes mindennapi viseletre.', '18626', 3, 5, 2, 43),
(197, 'Kiváló minőségű, kényelmes pamut póló, amely tökéletes mindennapi viseletre.', '15188', 9, 3, 4, 77),
(198, 'Kiváló minőségű, kényelmes pamut póló, amely tökéletes mindennapi viseletre.', '16007', 2, 4, 8, 30),
(199, 'Kiváló minőségű, kényelmes pamut póló, amely tökéletes mindennapi viseletre.', '19001', 8, 6, 1, 70),
(200, 'Kiváló minőségű, kényelmes pamut póló, amely tökéletes mindennapi viseletre.', '11837', 8, 4, 1, 10),
(201, 'Kiváló minőségű, kényelmes pamut póló, amely tökéletes mindennapi viseletre.', '13203', 1, 6, 5, 57),
(202, 'Kiváló minőségű, kényelmes pamut póló, amely tökéletes mindennapi viseletre.', '12266', 4, 3, 1, 94),
(203, 'Kiváló minőségű, kényelmes pamut póló, amely tökéletes mindennapi viseletre.', '14738', 2, 1, 8, 1),
(204, 'Kiváló minőségű, kényelmes pamut póló, amely tökéletes mindennapi viseletre.', '14101', 7, 5, 7, 48),
(205, 'Kiváló minőségű, kényelmes pamut póló, amely tökéletes mindennapi viseletre.', '8942', 4, 1, 5, 23),
(206, 'Kiváló minőségű, kényelmes pamut póló, amely tökéletes mindennapi viseletre.', '15695', 7, 2, 3, 62),
(207, 'Kiváló minőségű, kényelmes pamut póló, amely tökéletes mindennapi viseletre.', '10857', 7, 2, 2, 10),
(208, 'Kiváló minőségű, kényelmes pamut póló, amely tökéletes mindennapi viseletre.', '8261', 2, 4, 4, 24),
(209, 'Kiváló minőségű, kényelmes pamut póló, amely tökéletes mindennapi viseletre.', '7336', 4, 6, 3, 69),
(210, 'Kiváló minőségű, kényelmes pamut póló, amely tökéletes mindennapi viseletre.', '15225', 1, 4, 6, 14),
(211, 'Kiváló minőségű, kényelmes pamut póló, amely tökéletes mindennapi viseletre.', '7239', 7, 2, 1, 73),
(212, 'Kiváló minőségű, kényelmes pamut póló, amely tökéletes mindennapi viseletre.', '12447', 10, 3, 9, 92),
(213, 'Kiváló minőségű, kényelmes pamut póló, amely tökéletes mindennapi viseletre.', '14816', 3, 3, 6, 58),
(214, 'Kiváló minőségű, kényelmes pamut póló, amely tökéletes mindennapi viseletre.', '8019', 7, 1, 5, 21),
(215, 'Kiváló minőségű, kényelmes pamut póló, amely tökéletes mindennapi viseletre.', '14166', 2, 6, 4, 4),
(216, 'Kiváló minőségű, kényelmes pamut póló, amely tökéletes mindennapi viseletre.', '8280', 4, 3, 3, 5),
(217, 'Kiváló minőségű, kényelmes pamut póló, amely tökéletes mindennapi viseletre.', '11916', 8, 4, 5, 10),
(218, 'Kiváló minőségű, kényelmes pamut póló, amely tökéletes mindennapi viseletre.', '18126', 10, 2, 5, 84),
(219, 'Kiváló minőségű, kényelmes pamut póló, amely tökéletes mindennapi viseletre.', '14124', 3, 4, 9, 26),
(220, 'Kiváló minőségű, kényelmes pamut póló, amely tökéletes mindennapi viseletre.', '11828', 1, 2, 3, 27),
(221, 'Kiváló minőségű, kényelmes pamut póló, amely tökéletes mindennapi viseletre.', '15590', 5, 3, 8, 1),
(222, 'Kiváló minőségű, kényelmes pamut póló, amely tökéletes mindennapi viseletre.', '12508', 1, 1, 2, 59),
(223, 'Kiváló minőségű, kényelmes pamut póló, amely tökéletes mindennapi viseletre.', '13145', 6, 4, 8, 54),
(224, 'Kiváló minőségű, kényelmes pamut póló, amely tökéletes mindennapi viseletre.', '10353', 7, 4, 7, 95),
(225, 'Kiváló minőségű, kényelmes pamut póló, amely tökéletes mindennapi viseletre.', '14707', 2, 6, 8, 68),
(226, 'Kiváló minőségű, kényelmes pamut póló, amely tökéletes mindennapi viseletre.', '18393', 4, 1, 4, 54),
(227, 'Kiváló minőségű, kényelmes pamut póló, amely tökéletes mindennapi viseletre.', '15262', 6, 6, 8, 40),
(228, 'Kiváló minőségű, kényelmes pamut póló, amely tökéletes mindennapi viseletre.', '14052', 6, 6, 1, 59),
(229, 'Kiváló minőségű, kényelmes pamut póló, amely tökéletes mindennapi viseletre.', '16587', 10, 3, 2, 70),
(230, 'Kiváló minőségű, kényelmes pamut póló, amely tökéletes mindennapi viseletre.', '19762', 9, 1, 1, 22),
(231, 'Kiváló minőségű, kényelmes pamut póló, amely tökéletes mindennapi viseletre.', '17249', 3, 6, 2, 77),
(232, 'Kiváló minőségű, kényelmes pamut póló, amely tökéletes mindennapi viseletre.', '11885', 6, 5, 3, 90),
(233, 'Kiváló minőségű, kényelmes pamut póló, amely tökéletes mindennapi viseletre.', '15809', 8, 4, 5, 94),
(234, 'Kiváló minőségű, kényelmes pamut póló, amely tökéletes mindennapi viseletre.', '9303', 1, 5, 9, 7),
(235, 'Kiváló minőségű, kényelmes pamut póló, amely tökéletes mindennapi viseletre.', '15461', 1, 2, 8, 47),
(236, 'Kiváló minőségű, kényelmes pamut póló, amely tökéletes mindennapi viseletre.', '19588', 5, 2, 7, 6),
(237, 'Kiváló minőségű, kényelmes pamut póló, amely tökéletes mindennapi viseletre.', '8673', 5, 6, 9, 8),
(238, 'Kiváló minőségű, kényelmes pamut póló, amely tökéletes mindennapi viseletre.', '15015', 9, 3, 3, 18),
(239, 'Kiváló minőségű, kényelmes pamut póló, amely tökéletes mindennapi viseletre.', '9302', 4, 1, 6, 65),
(240, 'Kiváló minőségű, kényelmes pamut póló, amely tökéletes mindennapi viseletre.', '12953', 4, 2, 4, 35),
(241, 'Kiváló minőségű, kényelmes pamut póló, amely tökéletes mindennapi viseletre.', '12320', 1, 5, 9, 45),
(242, 'Kiváló minőségű, kényelmes pamut póló, amely tökéletes mindennapi viseletre.', '11754', 5, 2, 7, 5),
(243, 'Kiváló minőségű, kényelmes pamut póló, amely tökéletes mindennapi viseletre.', '7579', 1, 1, 4, 60),
(244, 'Kiváló minőségű, kényelmes pamut póló, amely tökéletes mindennapi viseletre.', '17920', 5, 4, 4, 26),
(245, 'Kiváló minőségű, kényelmes pamut póló, amely tökéletes mindennapi viseletre.', '9926', 4, 1, 1, 22),
(246, 'Kiváló minőségű, kényelmes pamut póló, amely tökéletes mindennapi viseletre.', '19412', 2, 5, 1, 14),
(247, 'Kiváló minőségű, kényelmes pamut póló, amely tökéletes mindennapi viseletre.', '15319', 8, 6, 1, 85),
(248, 'Kiváló minőségű, kényelmes pamut póló, amely tökéletes mindennapi viseletre.', '19255', 2, 1, 8, 91),
(249, 'Kiváló minőségű, kényelmes pamut póló, amely tökéletes mindennapi viseletre.', '7606', 6, 3, 7, 39),
(250, 'Kiváló minőségű, kényelmes pamut póló, amely tökéletes mindennapi viseletre.', '16195', 4, 4, 1, 44),
(251, 'Kiváló minőségű, kényelmes pamut póló, amely tökéletes mindennapi viseletre.', '7453', 9, 1, 1, 73),
(252, 'Kiváló minőségű, kényelmes pamut póló, amely tökéletes mindennapi viseletre.', '14655', 8, 1, 2, 76),
(253, 'Kiváló minőségű, kényelmes pamut póló, amely tökéletes mindennapi viseletre.', '8758', 5, 4, 9, 61),
(254, 'Kiváló minőségű, kényelmes pamut póló, amely tökéletes mindennapi viseletre.', '11811', 1, 6, 8, 9),
(255, 'Kiváló minőségű, kényelmes pamut póló, amely tökéletes mindennapi viseletre.', '7753', 1, 6, 5, 59),
(256, 'Kiváló minőségű, kényelmes pamut póló, amely tökéletes mindennapi viseletre.', '14510', 2, 6, 9, 95),
(257, 'Kiváló minőségű, kényelmes pamut póló, amely tökéletes mindennapi viseletre.', '7265', 3, 2, 7, 57),
(258, 'Kiváló minőségű, kényelmes pamut póló, amely tökéletes mindennapi viseletre.', '17137', 2, 4, 2, 36),
(259, 'Kiváló minőségű, kényelmes pamut póló, amely tökéletes mindennapi viseletre.', '9746', 10, 2, 2, 11),
(260, 'Kiváló minőségű, kényelmes pamut póló, amely tökéletes mindennapi viseletre.', '8563', 3, 6, 9, 77),
(261, 'Kiváló minőségű, kényelmes pamut póló, amely tökéletes mindennapi viseletre.', '8082', 2, 2, 3, 49),
(262, 'Kiváló minőségű, kényelmes pamut póló, amely tökéletes mindennapi viseletre.', '14482', 5, 2, 2, 6),
(263, 'Kiváló minőségű, kényelmes pamut póló, amely tökéletes mindennapi viseletre.', '17319', 8, 3, 1, 83),
(264, 'Kiváló minőségű, kényelmes pamut póló, amely tökéletes mindennapi viseletre.', '19767', 5, 2, 8, 45),
(265, 'Kiváló minőségű, kényelmes pamut póló, amely tökéletes mindennapi viseletre.', '17086', 6, 2, 9, 95),
(266, 'Kiváló minőségű, kényelmes pamut póló, amely tökéletes mindennapi viseletre.', '17241', 2, 2, 6, 46),
(267, 'Kiváló minőségű, kényelmes pamut póló, amely tökéletes mindennapi viseletre.', '13425', 1, 6, 5, 62),
(268, 'Kiváló minőségű, kényelmes pamut póló, amely tökéletes mindennapi viseletre.', '15060', 3, 2, 9, 63),
(269, 'Kiváló minőségű, kényelmes pamut póló, amely tökéletes mindennapi viseletre.', '12160', 1, 2, 9, 94),
(270, 'Kiváló minőségű, kényelmes pamut póló, amely tökéletes mindennapi viseletre.', '18577', 7, 4, 8, 53),
(271, 'Kiváló minőségű, kényelmes pamut póló, amely tökéletes mindennapi viseletre.', '8818', 2, 1, 2, 70),
(272, 'Kiváló minőségű, kényelmes pamut póló, amely tökéletes mindennapi viseletre.', '18533', 4, 1, 2, 85),
(273, 'Kiváló minőségű, kényelmes pamut póló, amely tökéletes mindennapi viseletre.', '15218', 7, 2, 4, 20),
(274, 'Kiváló minőségű, kényelmes pamut póló, amely tökéletes mindennapi viseletre.', '18010', 7, 4, 8, 42),
(275, 'Kiváló minőségű, kényelmes pamut póló, amely tökéletes mindennapi viseletre.', '16067', 3, 1, 5, 52),
(276, 'Kiváló minőségű, kényelmes pamut póló, amely tökéletes mindennapi viseletre.', '7329', 6, 5, 8, 30),
(277, 'Kiváló minőségű, kényelmes pamut póló, amely tökéletes mindennapi viseletre.', '17948', 4, 1, 2, 70),
(278, 'Kiváló minőségű, kényelmes pamut póló, amely tökéletes mindennapi viseletre.', '7427', 1, 2, 3, 30),
(279, 'Kiváló minőségű, kényelmes pamut póló, amely tökéletes mindennapi viseletre.', '17570', 2, 2, 1, 52),
(280, 'Kiváló minőségű, kényelmes pamut póló, amely tökéletes mindennapi viseletre.', '11536', 2, 5, 6, 60),
(281, 'Kiváló minőségű, kényelmes pamut póló, amely tökéletes mindennapi viseletre.', '8744', 9, 1, 4, 84),
(282, 'Kiváló minőségű, kényelmes pamut póló, amely tökéletes mindennapi viseletre.', '8151', 10, 3, 1, 3),
(283, 'Kiváló minőségű, kényelmes pamut póló, amely tökéletes mindennapi viseletre.', '8099', 4, 3, 1, 7),
(284, 'Kiváló minőségű, kényelmes pamut póló, amely tökéletes mindennapi viseletre.', '9344', 7, 6, 3, 87),
(285, 'Kiváló minőségű, kényelmes pamut póló, amely tökéletes mindennapi viseletre.', '12871', 7, 6, 7, 69),
(286, 'Kiváló minőségű, kényelmes pamut póló, amely tökéletes mindennapi viseletre.', '11699', 8, 4, 7, 70),
(287, 'Kiváló minőségű, kényelmes pamut póló, amely tökéletes mindennapi viseletre.', '12748', 2, 2, 8, 36),
(288, 'Kiváló minőségű, kényelmes pamut póló, amely tökéletes mindennapi viseletre.', '11920', 9, 6, 2, 85),
(289, 'Kiváló minőségű, kényelmes pamut póló, amely tökéletes mindennapi viseletre.', '18325', 9, 4, 2, 31),
(290, 'Kiváló minőségű, kényelmes pamut póló, amely tökéletes mindennapi viseletre.', '19862', 1, 1, 7, 17),
(291, 'Kiváló minőségű, kényelmes pamut póló, amely tökéletes mindennapi viseletre.', '15984', 10, 4, 9, 93),
(292, 'Kiváló minőségű, kényelmes pamut póló, amely tökéletes mindennapi viseletre.', '18922', 9, 2, 9, 92),
(293, 'Kiváló minőségű, kényelmes pamut póló, amely tökéletes mindennapi viseletre.', '16848', 1, 6, 3, 67),
(294, 'Kiváló minőségű, kényelmes pamut póló, amely tökéletes mindennapi viseletre.', '14306', 9, 3, 5, 51),
(295, 'Kiváló minőségű, kényelmes pamut póló, amely tökéletes mindennapi viseletre.', '18985', 1, 4, 1, 6),
(296, 'Kiváló minőségű, kényelmes pamut póló, amely tökéletes mindennapi viseletre.', '10989', 4, 5, 9, 52),
(297, 'Kiváló minőségű, kényelmes pamut póló, amely tökéletes mindennapi viseletre.', '15172', 6, 1, 6, 68),
(298, 'Kiváló minőségű, kényelmes pamut póló, amely tökéletes mindennapi viseletre.', '15620', 3, 3, 2, 57),
(299, 'Kiváló minőségű, kényelmes pamut póló, amely tökéletes mindennapi viseletre.', '11866', 2, 5, 3, 96),
(300, 'Kiváló minőségű, kényelmes pamut póló, amely tökéletes mindennapi viseletre.', '7825', 5, 1, 7, 56),
(301, 'Kiváló minőségű, kényelmes pamut póló, amely tökéletes mindennapi viseletre.', '15678', 7, 2, 2, 38),
(302, 'Kiváló minőségű, kényelmes pamut póló, amely tökéletes mindennapi viseletre.', '10383', 2, 1, 6, 89),
(303, 'Kiváló minőségű, kényelmes pamut póló, amely tökéletes mindennapi viseletre.', '15535', 7, 2, 2, 36),
(304, 'Kiváló minőségű, kényelmes pamut póló, amely tökéletes mindennapi viseletre.', '9242', 8, 3, 7, 43),
(305, 'Kiváló minőségű, kényelmes pamut póló, amely tökéletes mindennapi viseletre.', '19351', 5, 3, 6, 10),
(306, 'Kiváló minőségű, kényelmes pamut póló, amely tökéletes mindennapi viseletre.', '14066', 4, 3, 6, 94),
(307, 'Kiváló minőségű, kényelmes pamut póló, amely tökéletes mindennapi viseletre.', '18325', 6, 1, 9, 58),
(308, 'Kiváló minőségű, kényelmes pamut póló, amely tökéletes mindennapi viseletre.', '18877', 9, 3, 6, 98),
(309, 'Kiváló minőségű, kényelmes pamut póló, amely tökéletes mindennapi viseletre.', '18794', 7, 3, 9, 62),
(310, 'Kiváló minőségű, kényelmes pamut póló, amely tökéletes mindennapi viseletre.', '10396', 5, 4, 3, 73),
(311, 'Kiváló minőségű, kényelmes pamut póló, amely tökéletes mindennapi viseletre.', '18115', 1, 6, 1, 79),
(312, 'Kiváló minőségű, kényelmes pamut póló, amely tökéletes mindennapi viseletre.', '15855', 1, 2, 1, 64),
(313, 'Kiváló minőségű, kényelmes pamut póló, amely tökéletes mindennapi viseletre.', '19554', 10, 4, 5, 47),
(314, 'Kiváló minőségű, kényelmes pamut póló, amely tökéletes mindennapi viseletre.', '19189', 3, 4, 7, 10),
(315, 'Kiváló minőségű, kényelmes pamut póló, amely tökéletes mindennapi viseletre.', '11374', 4, 6, 4, 11),
(316, 'Kiváló minőségű, kényelmes pamut póló, amely tökéletes mindennapi viseletre.', '13322', 1, 6, 5, 85),
(317, 'Kiváló minőségű, kényelmes pamut póló, amely tökéletes mindennapi viseletre.', '14668', 5, 2, 3, 56),
(318, 'Kiváló minőségű, kényelmes pamut póló, amely tökéletes mindennapi viseletre.', '19008', 10, 6, 5, 15),
(319, 'Kiváló minőségű, kényelmes pamut póló, amely tökéletes mindennapi viseletre.', '8633', 2, 3, 6, 98),
(320, 'Kiváló minőségű, kényelmes pamut póló, amely tökéletes mindennapi viseletre.', '19122', 8, 6, 1, 83),
(321, 'Kiváló minőségű, kényelmes pamut póló, amely tökéletes mindennapi viseletre.', '18810', 1, 4, 6, 47),
(322, 'Kiváló minőségű, kényelmes pamut póló, amely tökéletes mindennapi viseletre.', '12729', 9, 5, 2, 56),
(323, 'Kiváló minőségű, kényelmes pamut póló, amely tökéletes mindennapi viseletre.', '11683', 2, 4, 6, 23),
(324, 'Kiváló minőségű, kényelmes pamut póló, amely tökéletes mindennapi viseletre.', '11253', 10, 5, 8, 13),
(325, 'Kiváló minőségű, kényelmes pamut póló, amely tökéletes mindennapi viseletre.', '7550', 9, 6, 4, 3),
(326, 'Kiváló minőségű, kényelmes pamut póló, amely tökéletes mindennapi viseletre.', '19985', 9, 3, 7, 24),
(327, 'Kiváló minőségű, kényelmes pamut póló, amely tökéletes mindennapi viseletre.', '7135', 4, 4, 7, 96),
(328, 'Kiváló minőségű, kényelmes pamut póló, amely tökéletes mindennapi viseletre.', '15370', 4, 6, 3, 58),
(329, 'Kiváló minőségű, kényelmes pamut póló, amely tökéletes mindennapi viseletre.', '9824', 4, 1, 1, 47),
(330, 'Kiváló minőségű, kényelmes pamut póló, amely tökéletes mindennapi viseletre.', '7412', 8, 4, 9, 77),
(331, 'Kiváló minőségű, kényelmes pamut póló, amely tökéletes mindennapi viseletre.', '7464', 9, 2, 7, 83),
(332, 'Kiváló minőségű, kényelmes pamut póló, amely tökéletes mindennapi viseletre.', '19146', 3, 2, 4, 57),
(333, 'Kiváló minőségű, kényelmes pamut póló, amely tökéletes mindennapi viseletre.', '13957', 10, 2, 2, 15),
(334, 'Kiváló minőségű, kényelmes pamut póló, amely tökéletes mindennapi viseletre.', '11042', 1, 3, 3, 67),
(335, 'Kiváló minőségű, kényelmes pamut póló, amely tökéletes mindennapi viseletre.', '15621', 3, 3, 6, 48),
(336, 'Kiváló minőségű, kényelmes pamut póló, amely tökéletes mindennapi viseletre.', '14776', 6, 1, 4, 9),
(337, 'Kiváló minőségű, kényelmes pamut póló, amely tökéletes mindennapi viseletre.', '9067', 6, 1, 1, 87),
(338, 'Kiváló minőségű, kényelmes pamut póló, amely tökéletes mindennapi viseletre.', '9518', 4, 2, 3, 37),
(339, 'Kiváló minőségű, kényelmes pamut póló, amely tökéletes mindennapi viseletre.', '8937', 7, 5, 6, 13),
(340, 'Kiváló minőségű, kényelmes pamut póló, amely tökéletes mindennapi viseletre.', '16275', 2, 5, 9, 60),
(341, 'Kiváló minőségű, kényelmes pamut póló, amely tökéletes mindennapi viseletre.', '9529', 2, 2, 1, 37),
(342, 'Kiváló minőségű, kényelmes pamut póló, amely tökéletes mindennapi viseletre.', '15252', 1, 3, 1, 5),
(343, 'Kiváló minőségű, kényelmes pamut póló, amely tökéletes mindennapi viseletre.', '7219', 10, 4, 9, 87),
(344, 'Kiváló minőségű, kényelmes pamut póló, amely tökéletes mindennapi viseletre.', '15803', 8, 6, 9, 11),
(345, 'Kiváló minőségű, kényelmes pamut póló, amely tökéletes mindennapi viseletre.', '16827', 5, 6, 4, 35),
(346, 'Kiváló minőségű, kényelmes pamut póló, amely tökéletes mindennapi viseletre.', '12607', 1, 2, 7, 95),
(347, 'Kiváló minőségű, kényelmes pamut póló, amely tökéletes mindennapi viseletre.', '14655', 2, 5, 7, 97),
(348, 'Kiváló minőségű, kényelmes pamut póló, amely tökéletes mindennapi viseletre.', '17286', 1, 6, 6, 17),
(349, 'Kiváló minőségű, kényelmes pamut póló, amely tökéletes mindennapi viseletre.', '7241', 6, 6, 5, 94),
(350, 'Kiváló minőségű, kényelmes pamut póló, amely tökéletes mindennapi viseletre.', '9336', 1, 6, 5, 62),
(351, 'Kiváló minőségű, kényelmes pamut póló, amely tökéletes mindennapi viseletre.', '14825', 2, 6, 3, 39),
(352, 'Kiváló minőségű, kényelmes pamut póló, amely tökéletes mindennapi viseletre.', '10289', 1, 4, 9, 74),
(353, 'Kiváló minőségű, kényelmes pamut póló, amely tökéletes mindennapi viseletre.', '19043', 5, 2, 1, 43),
(354, 'Kiváló minőségű, kényelmes pamut póló, amely tökéletes mindennapi viseletre.', '7499', 10, 3, 3, 30),
(355, 'Kiváló minőségű, kényelmes pamut póló, amely tökéletes mindennapi viseletre.', '14798', 1, 5, 2, 56),
(356, 'Kiváló minőségű, kényelmes pamut póló, amely tökéletes mindennapi viseletre.', '12880', 6, 3, 7, 36),
(357, 'Kiváló minőségű, kényelmes pamut póló, amely tökéletes mindennapi viseletre.', '13309', 4, 2, 4, 26),
(358, 'Kiváló minőségű, kényelmes pamut póló, amely tökéletes mindennapi viseletre.', '7121', 3, 2, 7, 82),
(359, 'Kiváló minőségű, kényelmes pamut póló, amely tökéletes mindennapi viseletre.', '17784', 8, 1, 9, 87),
(360, 'Kiváló minőségű, kényelmes pamut póló, amely tökéletes mindennapi viseletre.', '12043', 4, 4, 6, 27),
(361, 'Kiváló minőségű, kényelmes pamut póló, amely tökéletes mindennapi viseletre.', '16007', 7, 1, 5, 48),
(362, 'Kiváló minőségű, kényelmes pamut póló, amely tökéletes mindennapi viseletre.', '16640', 3, 1, 9, 2),
(363, 'Kiváló minőségű, kényelmes pamut póló, amely tökéletes mindennapi viseletre.', '13045', 3, 5, 4, 37),
(364, 'Kiváló minőségű, kényelmes pamut póló, amely tökéletes mindennapi viseletre.', '16898', 7, 2, 8, 50),
(365, 'Kiváló minőségű, kényelmes pamut póló, amely tökéletes mindennapi viseletre.', '8323', 10, 5, 4, 85),
(366, 'Kiváló minőségű, kényelmes pamut póló, amely tökéletes mindennapi viseletre.', '8461', 1, 5, 8, 94),
(367, 'Kiváló minőségű, kényelmes pamut póló, amely tökéletes mindennapi viseletre.', '8448', 8, 3, 7, 20),
(368, 'Kiváló minőségű, kényelmes pamut póló, amely tökéletes mindennapi viseletre.', '7191', 5, 2, 9, 91),
(369, 'Kiváló minőségű, kényelmes pamut póló, amely tökéletes mindennapi viseletre.', '16038', 8, 5, 5, 6),
(370, 'Kiváló minőségű, kényelmes pamut póló, amely tökéletes mindennapi viseletre.', '18883', 4, 2, 8, 35),
(371, 'Kiváló minőségű, kényelmes pamut póló, amely tökéletes mindennapi viseletre.', '12280', 10, 5, 4, 4),
(372, 'Kiváló minőségű, kényelmes pamut póló, amely tökéletes mindennapi viseletre.', '7009', 9, 2, 1, 9),
(373, 'Kiváló minőségű, kényelmes pamut póló, amely tökéletes mindennapi viseletre.', '12542', 9, 1, 4, 21),
(374, 'Kiváló minőségű, kényelmes pamut póló, amely tökéletes mindennapi viseletre.', '16418', 10, 5, 9, 15),
(375, 'Kiváló minőségű, kényelmes pamut póló, amely tökéletes mindennapi viseletre.', '7934', 10, 2, 9, 54),
(376, 'Kiváló minőségű, kényelmes pamut póló, amely tökéletes mindennapi viseletre.', '19675', 3, 3, 2, 88),
(377, 'Kiváló minőségű, kényelmes pamut póló, amely tökéletes mindennapi viseletre.', '16369', 10, 5, 8, 70),
(378, 'Kiváló minőségű, kényelmes pamut póló, amely tökéletes mindennapi viseletre.', '8492', 5, 1, 1, 87),
(379, 'Kiváló minőségű, kényelmes pamut póló, amely tökéletes mindennapi viseletre.', '9794', 5, 5, 5, 14),
(380, 'Kiváló minőségű, kényelmes pamut póló, amely tökéletes mindennapi viseletre.', '9527', 6, 1, 2, 19),
(381, 'Kiváló minőségű, kényelmes pamut póló, amely tökéletes mindennapi viseletre.', '14500', 4, 5, 9, 53),
(382, 'Kiváló minőségű, kényelmes pamut póló, amely tökéletes mindennapi viseletre.', '16772', 2, 4, 2, 44),
(383, 'Kiváló minőségű, kényelmes pamut póló, amely tökéletes mindennapi viseletre.', '14237', 5, 5, 1, 14),
(384, 'Kiváló minőségű, kényelmes pamut póló, amely tökéletes mindennapi viseletre.', '14392', 5, 3, 8, 78),
(385, 'Kiváló minőségű, kényelmes pamut póló, amely tökéletes mindennapi viseletre.', '12966', 10, 3, 5, 5),
(386, 'Kiváló minőségű, kényelmes pamut póló, amely tökéletes mindennapi viseletre.', '17021', 7, 1, 6, 68),
(387, 'Kiváló minőségű, kényelmes pamut póló, amely tökéletes mindennapi viseletre.', '13735', 6, 2, 7, 82),
(388, 'Kiváló minőségű, kényelmes pamut póló, amely tökéletes mindennapi viseletre.', '18265', 9, 6, 5, 18),
(389, 'Kiváló minőségű, kényelmes pamut póló, amely tökéletes mindennapi viseletre.', '10619', 9, 3, 6, 55),
(390, 'Kiváló minőségű, kényelmes pamut póló, amely tökéletes mindennapi viseletre.', '7738', 7, 1, 1, 50),
(391, 'Kiváló minőségű, kényelmes pamut póló, amely tökéletes mindennapi viseletre.', '9527', 5, 5, 5, 32),
(392, 'Kiváló minőségű, kényelmes pamut póló, amely tökéletes mindennapi viseletre.', '19731', 10, 5, 9, 42),
(393, 'Kiváló minőségű, kényelmes pamut póló, amely tökéletes mindennapi viseletre.', '11210', 4, 5, 7, 14),
(394, 'Kiváló minőségű, kényelmes pamut póló, amely tökéletes mindennapi viseletre.', '15957', 1, 1, 2, 61),
(395, 'Kiváló minőségű, kényelmes pamut póló, amely tökéletes mindennapi viseletre.', '15004', 3, 3, 1, 41),
(396, 'Kiváló minőségű, kényelmes pamut póló, amely tökéletes mindennapi viseletre.', '16706', 6, 2, 8, 45),
(397, 'Kiváló minőségű, kényelmes pamut póló, amely tökéletes mindennapi viseletre.', '16113', 2, 4, 7, 77),
(398, 'Kiváló minőségű, kényelmes pamut póló, amely tökéletes mindennapi viseletre.', '15268', 9, 3, 7, 19),
(399, 'Kiváló minőségű, kényelmes pamut póló, amely tökéletes mindennapi viseletre.', '17312', 4, 4, 8, 18),
(400, 'Kiváló minőségű, kényelmes pamut póló, amely tökéletes mindennapi viseletre.', '14130', 2, 2, 8, 13),
(401, 'Kiváló minőségű, kényelmes pamut póló, amely tökéletes mindennapi viseletre.', '10963', 2, 5, 2, 81),
(402, 'Kiváló minőségű, kényelmes pamut póló, amely tökéletes mindennapi viseletre.', '12904', 9, 6, 1, 62),
(403, 'Kiváló minőségű, kényelmes pamut póló, amely tökéletes mindennapi viseletre.', '17820', 4, 1, 4, 94),
(404, 'Kiváló minőségű, kényelmes pamut póló, amely tökéletes mindennapi viseletre.', '12021', 2, 3, 8, 1),
(405, 'Kiváló minőségű, kényelmes pamut póló, amely tökéletes mindennapi viseletre.', '12755', 2, 4, 4, 4),
(406, 'Kiváló minőségű, kényelmes pamut póló, amely tökéletes mindennapi viseletre.', '9217', 8, 1, 9, 80),
(407, 'Kiváló minőségű, kényelmes pamut póló, amely tökéletes mindennapi viseletre.', '7898', 10, 4, 1, 53),
(408, 'Kiváló minőségű, kényelmes pamut póló, amely tökéletes mindennapi viseletre.', '13173', 8, 3, 2, 21),
(409, 'Kiváló minőségű, kényelmes pamut póló, amely tökéletes mindennapi viseletre.', '15510', 7, 1, 8, 97),
(410, 'Kiváló minőségű, kényelmes pamut póló, amely tökéletes mindennapi viseletre.', '9476', 1, 4, 2, 89),
(411, 'Kiváló minőségű, kényelmes pamut póló, amely tökéletes mindennapi viseletre.', '18863', 9, 5, 1, 21),
(412, 'Kiváló minőségű, kényelmes pamut póló, amely tökéletes mindennapi viseletre.', '16830', 2, 3, 1, 53),
(413, 'Kiváló minőségű, kényelmes pamut póló, amely tökéletes mindennapi viseletre.', '15288', 7, 1, 7, 39),
(414, 'Kiváló minőségű, kényelmes pamut póló, amely tökéletes mindennapi viseletre.', '16323', 5, 6, 4, 0),
(415, 'Kiváló minőségű, kényelmes pamut póló, amely tökéletes mindennapi viseletre.', '19331', 8, 6, 1, 82),
(416, 'Kiváló minőségű, kényelmes pamut póló, amely tökéletes mindennapi viseletre.', '17971', 8, 2, 3, 43),
(417, 'Kiváló minőségű, kényelmes pamut póló, amely tökéletes mindennapi viseletre.', '11065', 3, 3, 5, 91),
(418, 'Kiváló minőségű, kényelmes pamut póló, amely tökéletes mindennapi viseletre.', '8868', 1, 4, 1, 66),
(419, 'Kiváló minőségű, kényelmes pamut póló, amely tökéletes mindennapi viseletre.', '19622', 9, 3, 7, 6),
(420, 'Kiváló minőségű, kényelmes pamut póló, amely tökéletes mindennapi viseletre.', '9997', 10, 2, 9, 18),
(421, 'Kiváló minőségű, kényelmes pamut póló, amely tökéletes mindennapi viseletre.', '8419', 10, 4, 1, 68),
(422, 'Kiváló minőségű, kényelmes pamut póló, amely tökéletes mindennapi viseletre.', '7994', 4, 4, 5, 18),
(423, 'Kiváló minőségű, kényelmes pamut póló, amely tökéletes mindennapi viseletre.', '10312', 8, 6, 4, 6),
(424, 'Kiváló minőségű, kényelmes pamut póló, amely tökéletes mindennapi viseletre.', '9887', 10, 6, 1, 60),
(425, 'Kiváló minőségű, kényelmes pamut póló, amely tökéletes mindennapi viseletre.', '15803', 6, 6, 7, 2),
(426, 'Kiváló minőségű, kényelmes pamut póló, amely tökéletes mindennapi viseletre.', '18332', 3, 6, 4, 51),
(427, 'Kiváló minőségű, kényelmes pamut póló, amely tökéletes mindennapi viseletre.', '10882', 10, 6, 6, 52),
(428, 'Kiváló minőségű, kényelmes pamut póló, amely tökéletes mindennapi viseletre.', '15634', 8, 5, 7, 1),
(429, 'Kiváló minőségű, kényelmes pamut póló, amely tökéletes mindennapi viseletre.', '7750', 3, 1, 3, 54),
(430, 'Kiváló minőségű, kényelmes pamut póló, amely tökéletes mindennapi viseletre.', '16963', 3, 5, 3, 84),
(431, 'Kiváló minőségű, kényelmes pamut póló, amely tökéletes mindennapi viseletre.', '13184', 9, 6, 2, 76),
(432, 'Kiváló minőségű, kényelmes pamut póló, amely tökéletes mindennapi viseletre.', '12317', 8, 5, 1, 40),
(433, 'Kiváló minőségű, kényelmes pamut póló, amely tökéletes mindennapi viseletre.', '16559', 5, 1, 3, 79),
(434, 'Kiváló minőségű, kényelmes pamut póló, amely tökéletes mindennapi viseletre.', '10268', 9, 5, 7, 44),
(435, 'Kiváló minőségű, kényelmes pamut póló, amely tökéletes mindennapi viseletre.', '8497', 3, 6, 2, 87),
(436, 'Kiváló minőségű, kényelmes pamut póló, amely tökéletes mindennapi viseletre.', '17847', 6, 2, 9, 50),
(437, 'Kiváló minőségű, kényelmes pamut póló, amely tökéletes mindennapi viseletre.', '17716', 7, 4, 4, 6),
(438, 'Kiváló minőségű, kényelmes pamut póló, amely tökéletes mindennapi viseletre.', '8470', 4, 3, 3, 9),
(439, 'Kiváló minőségű, kényelmes pamut póló, amely tökéletes mindennapi viseletre.', '13891', 4, 2, 5, 36),
(440, 'Kiváló minőségű, kényelmes pamut póló, amely tökéletes mindennapi viseletre.', '12202', 10, 3, 3, 29),
(441, 'Kiváló minőségű, kényelmes pamut póló, amely tökéletes mindennapi viseletre.', '13783', 8, 1, 5, 20),
(442, 'Kiváló minőségű, kényelmes pamut póló, amely tökéletes mindennapi viseletre.', '12623', 6, 3, 5, 13),
(443, 'Kiváló minőségű, kényelmes pamut póló, amely tökéletes mindennapi viseletre.', '9983', 8, 1, 9, 65),
(444, 'Kiváló minőségű, kényelmes pamut póló, amely tökéletes mindennapi viseletre.', '12101', 1, 6, 4, 24),
(445, 'Kiváló minőségű, kényelmes pamut póló, amely tökéletes mindennapi viseletre.', '8017', 7, 1, 4, 88),
(446, 'Kiváló minőségű, kényelmes pamut póló, amely tökéletes mindennapi viseletre.', '8555', 10, 3, 3, 29),
(447, 'Kiváló minőségű, kényelmes pamut póló, amely tökéletes mindennapi viseletre.', '13538', 7, 4, 4, 75),
(448, 'Kiváló minőségű, kényelmes pamut póló, amely tökéletes mindennapi viseletre.', '16533', 5, 6, 3, 43),
(449, 'Kiváló minőségű, kényelmes pamut póló, amely tökéletes mindennapi viseletre.', '13052', 1, 6, 1, 73),
(450, 'Kiváló minőségű, kényelmes pamut póló, amely tökéletes mindennapi viseletre.', '13440', 3, 6, 1, 14),
(451, 'Kiváló minőségű, kényelmes pamut póló, amely tökéletes mindennapi viseletre.', '15656', 10, 4, 8, 66),
(452, 'Kiváló minőségű, kényelmes pamut póló, amely tökéletes mindennapi viseletre.', '16955', 9, 1, 5, 69),
(453, 'Kiváló minőségű, kényelmes pamut póló, amely tökéletes mindennapi viseletre.', '16908', 8, 3, 2, 31),
(454, 'Kiváló minőségű, kényelmes pamut póló, amely tökéletes mindennapi viseletre.', '8520', 7, 6, 3, 6),
(455, 'Kiváló minőségű, kényelmes pamut póló, amely tökéletes mindennapi viseletre.', '11688', 7, 6, 9, 89),
(456, 'Kiváló minőségű, kényelmes pamut póló, amely tökéletes mindennapi viseletre.', '14366', 2, 2, 6, 17),
(457, 'Kiváló minőségű, kényelmes pamut póló, amely tökéletes mindennapi viseletre.', '9155', 4, 1, 2, 88),
(458, 'Kiváló minőségű, kényelmes pamut póló, amely tökéletes mindennapi viseletre.', '17904', 6, 2, 6, 14),
(459, 'Kiváló minőségű, kényelmes pamut póló, amely tökéletes mindennapi viseletre.', '7065', 6, 6, 7, 96),
(460, 'Kiváló minőségű, kényelmes pamut póló, amely tökéletes mindennapi viseletre.', '14983', 2, 1, 9, 48),
(461, 'Kiváló minőségű, kényelmes pamut póló, amely tökéletes mindennapi viseletre.', '14066', 3, 5, 6, 8),
(462, 'Kiváló minőségű, kényelmes pamut póló, amely tökéletes mindennapi viseletre.', '13874', 5, 3, 8, 11),
(463, 'Kiváló minőségű, kényelmes pamut póló, amely tökéletes mindennapi viseletre.', '19469', 5, 3, 5, 60),
(464, 'Kiváló minőségű, kényelmes pamut póló, amely tökéletes mindennapi viseletre.', '11324', 9, 3, 4, 52),
(465, 'Kiváló minőségű, kényelmes pamut póló, amely tökéletes mindennapi viseletre.', '14376', 3, 5, 7, 47),
(466, 'Kiváló minőségű, kényelmes pamut póló, amely tökéletes mindennapi viseletre.', '9126', 5, 4, 8, 14),
(467, 'Kiváló minőségű, kényelmes pamut póló, amely tökéletes mindennapi viseletre.', '11513', 3, 3, 3, 2),
(468, 'Kiváló minőségű, kényelmes pamut póló, amely tökéletes mindennapi viseletre.', '11293', 6, 6, 8, 47),
(469, 'Kiváló minőségű, kényelmes pamut póló, amely tökéletes mindennapi viseletre.', '17626', 7, 6, 6, 24),
(470, 'Kiváló minőségű, kényelmes pamut póló, amely tökéletes mindennapi viseletre.', '12438', 4, 4, 5, 76),
(471, 'Kiváló minőségű, kényelmes pamut póló, amely tökéletes mindennapi viseletre.', '12457', 9, 6, 1, 54),
(472, 'Kiváló minőségű, kényelmes pamut póló, amely tökéletes mindennapi viseletre.', '13692', 10, 2, 6, 0),
(473, 'Kiváló minőségű, kényelmes pamut póló, amely tökéletes mindennapi viseletre.', '10928', 5, 4, 2, 21),
(474, 'Kiváló minőségű, kényelmes pamut póló, amely tökéletes mindennapi viseletre.', '14790', 4, 6, 8, 19),
(475, 'Kiváló minőségű, kényelmes pamut póló, amely tökéletes mindennapi viseletre.', '13550', 10, 1, 9, 4),
(476, 'Kiváló minőségű, kényelmes pamut póló, amely tökéletes mindennapi viseletre.', '14189', 7, 3, 6, 41),
(477, 'Kiváló minőségű, kényelmes pamut póló, amely tökéletes mindennapi viseletre.', '11242', 4, 6, 7, 85),
(478, 'Kiváló minőségű, kényelmes pamut póló, amely tökéletes mindennapi viseletre.', '19114', 2, 6, 8, 77),
(479, 'Kiváló minőségű, kényelmes pamut póló, amely tökéletes mindennapi viseletre.', '10016', 9, 4, 6, 11),
(480, 'Kiváló minőségű, kényelmes pamut póló, amely tökéletes mindennapi viseletre.', '16838', 5, 6, 2, 30),
(481, 'Kiváló minőségű, kényelmes pamut póló, amely tökéletes mindennapi viseletre.', '18874', 7, 4, 7, 12),
(482, 'Kiváló minőségű, kényelmes pamut póló, amely tökéletes mindennapi viseletre.', '11740', 5, 1, 5, 86),
(483, 'Kiváló minőségű, kényelmes pamut póló, amely tökéletes mindennapi viseletre.', '18453', 9, 4, 1, 60),
(484, 'Kiváló minőségű, kényelmes pamut póló, amely tökéletes mindennapi viseletre.', '18926', 9, 2, 8, 55),
(485, 'Kiváló minőségű, kényelmes pamut póló, amely tökéletes mindennapi viseletre.', '9078', 2, 2, 9, 96),
(486, 'Kiváló minőségű, kényelmes pamut póló, amely tökéletes mindennapi viseletre.', '18838', 7, 4, 2, 99),
(487, 'Kiváló minőségű, kényelmes pamut póló, amely tökéletes mindennapi viseletre.', '12043', 10, 5, 7, 43),
(488, 'Kiváló minőségű, kényelmes pamut póló, amely tökéletes mindennapi viseletre.', '19537', 6, 5, 4, 47),
(489, 'Kiváló minőségű, kényelmes pamut póló, amely tökéletes mindennapi viseletre.', '9775', 7, 5, 6, 66),
(490, 'Kiváló minőségű, kényelmes pamut póló, amely tökéletes mindennapi viseletre.', '14664', 10, 2, 8, 88),
(491, 'Kiváló minőségű, kényelmes pamut póló, amely tökéletes mindennapi viseletre.', '16558', 1, 1, 3, 23),
(492, 'Kiváló minőségű, kényelmes pamut póló, amely tökéletes mindennapi viseletre.', '10045', 5, 5, 2, 45),
(493, 'Kiváló minőségű, kényelmes pamut póló, amely tökéletes mindennapi viseletre.', '18468', 1, 5, 3, 44),
(494, 'Kiváló minőségű, kényelmes pamut póló, amely tökéletes mindennapi viseletre.', '10474', 1, 2, 4, 0),
(495, 'Kiváló minőségű, kényelmes pamut póló, amely tökéletes mindennapi viseletre.', '18715', 5, 5, 4, 71),
(496, 'Kiváló minőségű, kényelmes pamut póló, amely tökéletes mindennapi viseletre.', '10832', 4, 6, 5, 89),
(497, 'Kiváló minőségű, kényelmes pamut póló, amely tökéletes mindennapi viseletre.', '17632', 5, 5, 5, 25),
(498, 'Kiváló minőségű, kényelmes pamut póló, amely tökéletes mindennapi viseletre.', '16223', 9, 6, 1, 36),
(499, 'Kiváló minőségű, kényelmes pamut póló, amely tökéletes mindennapi viseletre.', '17572', 10, 3, 3, 98),
(500, 'Kiváló minőségű, kényelmes pamut póló, amely tökéletes mindennapi viseletre.', '8561', 7, 6, 8, 20);

-- 
-- Dumping data for table rendeles_termek
--
INSERT INTO rendeles_termek VALUES
(1, 5, 282, 5),
(2, 3, 458, 1),
(3, 5, 5, 3),
(4, 1, 51, 2),
(5, 1, 437, 5);

-- 
-- Dumping data for table keszlet_valtozas
--
INSERT INTO keszlet_valtozas VALUES
(1, 'kiadás', 28, 5, '2024-03-27 00:00:00'),
(2, 'bevétel', 365, 5, '2024-12-05 00:00:00'),
(3, 'bevétel', 255, 4, '2024-11-05 00:00:00'),
(4, 'bevétel', 30, 9, '2024-02-26 00:00:00'),
(5, 'bevétel', 136, 8, '2024-05-03 00:00:00');

--
-- Restore previous SQL mode
--
/*!40101 SET SQL_MODE=@OLD_SQL_MODE */;

--
-- Enable foreign keys
--
/*!40014 SET FOREIGN_KEY_CHECKS = @OLD_FOREIGN_KEY_CHECKS */;